ACUR,"Acura Pharmaceuticals, Inc.",Drug Delivery,"Quote , Profile , Research , Insider , Financials"
ADMP,Adamis Pharmaceuticals Corporat,Drug Delivery,"Quote , Profile , Research , Insider , Financials"
ALKS,Alkermes plc,Drug Delivery,"Quote , Chart , News , Research , Msgs , Insider , Financials , Analyst Ratings"
ARDM,Aradigm Corporation,Drug Delivery,"Quote , Chart , News , Profile , Research , SEC , Insider , Financials"
BPHA3.SA,BR PHARMA ON NM,Drug Delivery,"Quote , News , Profile , Research"
BPTH,"Bio-Path Holdings, Inc.",Drug Delivery,"Quote , Profile , Research , Insider , Financials"
CLIN.L,CLINIGEN GROUP PLC ORD 0.1P,Drug Delivery,"Quote , Profile"
DCTH,"Delcath Systems, Inc.",Drug Delivery,"Quote , Chart , News , Profile , Research , SEC , Msgs , Insider , Financials , Analyst Ratings"
ELN.V,EL NINO VENTURES INC,Drug Delivery,"Quote , News , Profile"
MLEBX.PA,ESSERE BENESSERE,Drug Delivery,Quote
BEVIDESA.MX,FARMACIAS BENAVID-A,Drug Delivery,Quote
BEVIDESB.MX,FARMACIAS BENAVID-B,Drug Delivery,"Quote , Chart , Research"
FRAGUAB.MX,FRAGUA-B,Drug Delivery,"Quote , Chart , Profile , Research"
FLML,Flamel Technologies S.A.,Drug Delivery,"Quote , Chart , News , Profile , Research , Msgs , Insider , Financials"
GNBT,GENEREX BIOTECH CORP,Drug Delivery,Quote
INSV,INSITE VISION INC,Drug Delivery,Quote
IPCI,Intellipharmaceutics Internatio,Drug Delivery,"Quote , Profile , Research , Financials , Analyst Ratings"
PJC-A.TO,"JEAN COUTU GROUP (PJC) INC., CL",Drug Delivery,"Quote , Chart , Profile"
1110.HK,KINGWORLD,Drug Delivery,"Quote , Chart , Profile , Research"
MULLER.BO,MULLER & PHIPPS (INDIA) LTD.,Drug Delivery,Quote
NVDL,NOVADEL PHARMA INC,Drug Delivery,Quote
PHRX,PHARMAGEN INC,Drug Delivery,Quote
PETS,"PetMed Express, Inc.",Drug Delivery,"Quote , Chart , News , Profile , Research , Msgs , Insider , Financials , Analyst Ratings"
RADL3.SA,RAIADROGASILON NM,Drug Delivery,"Quote , News , Profile , Research"
SC.TO,Scotia Money Market,Drug Delivery,"Quote , Chart , News"
VRX,Valeant Pharmaceuticals Interna,Drug Delivery,"Quote , Chart , News , Profile , Research , Msgs , Insider , Financials , Analyst Ratings"
W8A.DE,WALGREENS BOOTS,Drug Delivery,Quote
