ACUS,ACUSPHERE INC,Drug Manufacturers - Other,Quote
AOLS,AEOLUS PHARMACEUTICL,Drug Manufacturers - Other,Quote
ALXA,ALEXZA PHARMACEUTI COM USD0.000,Drug Manufacturers - Other,"Quote , Msgs , Insider , Analyst Ratings"
ARYX,"ARYX THERAPEUTICS, I",Drug Manufacturers - Other,Quote
AHRO,ATHERONOVA INC,Drug Manufacturers - Other,Quote
AGN,Allergan plc Ordinary Shares,Drug Manufacturers - Other,"Quote , Chart , Profile , Research , Msgs , Insider , Financials , Analyst Ratings"
AMRN,Amarin Corporation plc,Drug Manufacturers - Other,"Quote , Chart , News , Profile , Research , Msgs , Insider , Financials"
AMPH,"Amphastar Pharmaceuticals, Inc.",Drug Manufacturers - Other,"Quote , Chart , News , Profile , Research , Msgs , Insider , Financials"
APRI,"Apricus Biosciences, Inc",Drug Manufacturers - Other,"Quote , Profile , Research , Insider , Financials , Analyst Ratings"
BIOD,Biodel Inc.,Drug Manufacturers - Other,"Quote , Profile , Research , Insider , Financials , Analyst Ratings"
CRME,Cardiome Pharma Corporation,Drug Manufacturers - Other,"Quote , Chart , Profile , Research , Msgs , Financials , Analyst Ratings"
CPIX,Cumberland Pharmaceuticals Inc.,Drug Manufacturers - Other,"Quote , Profile , Research , Insider , Financials , Analyst Ratings"
DRRX,DURECT Corporation,Drug Manufacturers - Other,"Quote , Chart , News , Profile , Research , SEC , Msgs , Insider , Financials , Analyst Ratings"
DEPO,"Depomed, Inc.",Drug Manufacturers - Other,"Quote , Chart , News , Profile , Research , Msgs , Insider , Financials , Analyst Ratings"
RDY,Dr. Reddy's Laboratories Ltd Co,Drug Manufacturers - Other,"Quote , Chart , Profile , Research , Msgs , Financials"
ELTP,ELITE PHARMA INC,Drug Manufacturers - Other,Quote
ENDP,Endo International plc,Drug Manufacturers - Other,"Quote , Chart , News , Profile , Research , Msgs , Insider , Financials , Analyst Ratings"
HRBR,HARBOR DIVERSIFIED,Drug Manufacturers - Other,Quote
ISIS,"Ionis Pharmaceuticals, Inc",Drug Manufacturers - Other,"Quote , Chart , News , Msgs , Insider , Analyst Ratings"
LCAR,LESCARDEN INC,Drug Manufacturers - Other,Quote
MEIP,"MEI Pharma, Inc.",Drug Manufacturers - Other,"Quote , Profile , Research , Insider , Financials , Analyst Ratings"
NGSX,"NEUROGESX, INC.",Drug Manufacturers - Other,Quote
NGSXE,"NEUROGESX, INC.",Drug Manufacturers - Other,Quote
NUIN,NUTRASTAR INTL INC.,Drug Manufacturers - Other,Quote
NVO,Novo Nordisk A/S Common Stock,Drug Manufacturers - Other,"Quote , Chart , News , Profile , Research , Msgs , Financials"
OREX,"Orexigen Therapeutics, Inc.",Drug Manufacturers - Other,"Quote , Profile , Research , Insider , Financials , Analyst Ratings"
ACCP,PLASMATECH BIOPHR CM,Drug Manufacturers - Other,Quote
PRTXD,PROTALEX INC,Drug Manufacturers - Other,Quote
PRTX,PROTALEX INC,Drug Manufacturers - Other,Quote
PMBS,PURAMED BIOSCIENCE,Drug Manufacturers - Other,Quote
PMBSE,PURAMED BIOSCIENCE,Drug Manufacturers - Other,Quote
PTX,"Pernix Therapeutics Holdings, I",Drug Manufacturers - Other,"Quote , Profile , Research , Insider , Financials , Analyst Ratings"
POZN,"Pozen, Inc.",Drug Manufacturers - Other,"Quote , Chart , News , SEC , Msgs , Insider , Analyst Ratings"
RGRX,REGENERX BIOPHARM IN,Drug Manufacturers - Other,Quote
SCLN,"SciClone Pharmaceuticals, Inc.",Drug Manufacturers - Other,"Quote , Chart , News , Profile , Research , SEC , Msgs , Insider , Financials , Analyst Ratings"
SCMP,"Sucampo Pharmaceuticals, Inc.",Drug Manufacturers - Other,"Quote , Profile , Research , Insider , Financials , Analyst Ratings"
SGYP,"Synergy Pharmaceuticals, Inc.",Drug Manufacturers - Other,"Quote , Profile , Research , Insider , Financials , Analyst Ratings"
SGYPD,"Synergy Pharmaceuticals, Inc.",Drug Manufacturers - Other,Quote
TARO,Taro Pharmaceutical Industries,Drug Manufacturers - Other,"Quote , Profile , Research , Financials"
TEVA,Teva Pharmaceutical Industries,Drug Manufacturers - Other,"Quote , Profile , Research , Financials"
TPI,"Tianyin Pharmaceutical Co., Inc",Drug Manufacturers - Other,"Quote , Chart , Insider"
UGNE,UNIGENE LABS INC,Drug Manufacturers - Other,Quote
UTHR,United Therapeutics Corporation,Drug Manufacturers - Other,"Quote , Chart , News , Profile , Research , SEC , Msgs , Insider , Financials , Analyst Ratings"
