ABT.L,ABBOTT LABORATORIES COM STK NPV,Drugs - Generic,"Quote , Profile"
ADVIKLA.BO,ADVIK LABORATORIES LTD.,Drugs - Generic,Quote
ALEMBICLTD.BO,ALEMBIC LTD.,Drugs - Generic,Quote
APLLTD.NS,ALEMBIC PHARMACEUT INR2,Drugs - Generic,"Quote , Profile , Research"
APH.L,ALLIANCE PHARMA PLC ORD 1P,Drugs - Generic,"Quote , Chart , News , Profile"
ALPA.NS,ALPA LABORATORIES INR10,Drugs - Generic,"Quote , Profile"
ALPA.BO,ALPA LABORATORIES LTD.,Drugs - Generic,Quote
AMRUTANJAN.NS,AMRUTANJAN HEALTH INR2,Drugs - Generic,"Quote , Profile"
AVONORG.BO,AVON LIFESCIENCES,Drugs - Generic,Quote
ADMS,"Adamas Pharmaceuticals, Inc.",Drugs - Generic,"Quote , Profile , Research , Insider , Financials"
AGRX,"Agile Therapeutics, Inc.",Drugs - Generic,"Quote , Profile , Research , Insider , Financials"
AKRX,"Akorn, Inc.",Drugs - Generic,"Quote , Profile , Research , Insider , Financials , Analyst Ratings"
AQXP,"Aquinox Pharmaceuticals, Inc.",Drugs - Generic,"Quote , Profile , Research , Insider , Financials"
BACPHAR.BO,BACIL PHARMA LTD.,Drugs - Generic,Quote
0874.HK,BAIYUNSHAN PH,Drugs - Generic,"Quote , Chart , News , Profile , Research"
BALPHARMA.NS,BAL PHARMA INR10,Drugs - Generic,"Quote , Profile"
BMK.L,BENCHMARK HOLDINGS PLC ORD 0.1P,Drugs - Generic,Quote
BLT.AX,BENITEC FPO,Drugs - Generic,"Quote , Chart , Profile"
BERLDRG.BO,BERYL DRUGS LTD.,Drugs - Generic,Quote
BWL.ST,BRINGWELL,Drugs - Generic,"Quote , Chart , News , Profile"
CADILAHC.NS,CADILA HEALTHCARE LIMITED,Drugs - Generic,"Quote , News , Profile"
CADILAHC.BO,CADILA HEALTHCARE LTD.,Drugs - Generic,Quote
CANV,CANNAVEST CORP.,Drugs - Generic,Quote
CORALAB.BO,CORAL LABORATORIES LTD.,Drugs - Generic,"Quote , Research"
CBYL,"Carbylan Therapeutics, Inc.",Drugs - Generic,"Quote , Profile , Research , Insider , Financials"
CTLT,"Catalent, Inc. Common Stock",Drugs - Generic,"Quote , Profile , Research , Insider , Financials"
CPRX,"Catalyst Pharmaceuticals, Inc.",Drugs - Generic,"Quote , Profile , Research , Insider , Financials , Analyst Ratings"
CPXX,Celator Pharmaceuticals Inc.,Drugs - Generic,"Quote , Insider , Financials"
COLL,"Collegium Pharmaceutical, Inc.",Drugs - Generic,"Quote , News , Profile , Research , Insider , Financials"
CVT.NZ,Comvita Limited Ordinary Shares,Drugs - Generic,"Quote , Chart , Profile , Research"
DIVISLAB.NS,DIVI'S LABORATORIES LIMITED,Drugs - Generic,"Quote , Profile"
DIVISLAB.BO,DIVIS LABORATORIES LTD.,Drugs - Generic,Quote
DRREDDY.NS,DR. REDDY'S LABORATORIES LIMITE,Drugs - Generic,"Quote , News , Profile , Research"
DRDATSONS.NS,DR.DATSONS LABS LT INR10,Drugs - Generic,Quote
DRREDDY.BO,DR.REDDYS LABORATORIES LTD.,Drugs - Generic,Quote
DPLO,"Diplomat Pharmacy, Inc. Common",Drugs - Generic,"Quote , Profile , Research , Insider , Financials"
EVT.DE,EVOTEC,Drugs - Generic,"Quote , News , Profile"
EVTA.DE,EVOTEC SP ADS,Drugs - Generic,Quote
EGRX,"Eagle Pharmaceuticals, Inc.",Drugs - Generic,"Quote , Profile , Research , Insider , Financials"
EVOK,"Evoke Pharma, Inc.",Drugs - Generic,"Quote , Profile , Research , Insider , Financials"
FCSC,Fibrocell Science Inc,Drugs - Generic,"Quote , Profile , Research , Insider , Financials"
FLXN,"Flexion Therapeutics, Inc.",Drugs - Generic,"Quote , Profile , Research , Insider , Financials"
G2A.DE,GALENICA N,Drugs - Generic,Quote
GENNEX.BO,GENNEX LABORATORIES LTD.,Drugs - Generic,Quote
LABB.MX,GENOMMA LAB-B,Drugs - Generic,"Quote , News , Profile , Research"
GLENMARK.NS,GLENMARK PHARMACEUTICALS LIMITE,Drugs - Generic,"Quote , News , Profile"
GLENMARK.BO,GLENMARK PHARMACEUTICALS LTD.,Drugs - Generic,Quote
1707.TW,GRAPE KING BIO LTD TWD10,Drugs - Generic,"Quote , Chart , Profile , Research"
GUJTERC.BO,GUJARAT TERCE LABORATORIES LTD,Drugs - Generic,Quote
GALT,Galectin Therapeutics Inc.,Drugs - Generic,"Quote , Profile , Research , Insider , Financials , Analyst Ratings"
HJOE,HANGOVER JOE'S HOLDI,Drugs - Generic,Quote
HIK.L,HIKMA PHARMACEUTICALS PLC ORD S,Drugs - Generic,"Quote , News , Profile , Research"
HIRAN.BO,HIRAN ORGOCHEM LTD.,Drugs - Generic,Quote
HMU.DE,HMS BERGBAU,Drugs - Generic,Quote
HZNP,Horizon Pharma plc,Drugs - Generic,"Quote , Profile , Research , Insider , Financials , Analyst Ratings"
INDV.L,INDIVIOR PLC ORD USD0.10,Drugs - Generic,"Quote , Profile , Research"
ROSE.BA,INSTITUTO ROSENBUC 'B'ARS1,Drugs - Generic,"Quote , Profile"
IVX.AX,INVION FPO,Drugs - Generic,"Quote , Profile"
IOLCP.NS,IOL CHEMICALS&PHAR INR10,Drugs - Generic,"Quote , Profile , Research"
IPCALAB.NS,IPCA LABORATORIES LIMITED,Drugs - Generic,"Quote , News , Profile , Research"
IPCALAB.BO,IPCA LABORATORIES LTD.,Drugs - Generic,"Quote , News"
IPN.PA,IPSEN,Drugs - Generic,"Quote , News , Profile , Research"
IPNNV.PA,IPSEN I16,Drugs - Generic,Quote
INNL,Innocoll Holdings,Drugs - Generic,"Quote , Research"
IRWD,"Ironwood Pharmaceuticals, Inc.",Drugs - Generic,"Quote , Profile , Research , Insider , Financials , Analyst Ratings"
JNP,"Juniper Pharmaceuticals, Inc.",Drugs - Generic,"Quote , Research , Insider , Financials"
GUD.TO,KNIGHT THERAPEUTICS INC,Drugs - Generic,"Quote , Profile , Research"
KPTI,Karyopharm Therapeutics Inc.,Drugs - Generic,"Quote , Profile , Research , Insider , Financials"
LACTOSE.BO,LACTOSE (INDIA) LTD.,Drugs - Generic,Quote
0503.HK,LANSEN PHARMA,Drugs - Generic,"Quote , Profile , Research"
LUPIN.NS,LUPIN LIMITED,Drugs - Generic,"Quote , News , Profile , Research"
LUPIN.BO,LUPIN LTD.,Drugs - Generic,Quote
LCI,Lannett Co Inc Common Stock,Drugs - Generic,"Quote , Profile , Research , Insider , Financials"
LPCN,Lipocine Inc.,Drugs - Generic,"Quote , Profile , Research , Insider , Financials"
MANGALAM.BO,MANGALAM DRUGS & ORGANICS LTD.,Drugs - Generic,Quote
MANGALAM.NS,MANGALAM DRUGS AND ORGANICS LIM,Drugs - Generic,"Quote , Profile"
1731.TW,MAYWUFA CO TWD10,Drugs - Generic,"Quote , Chart , Profile"
MEDA-A.ST,MEDA -A-,Drugs - Generic,Quote
MEDICAPQ.BO,MEDI-CAPS LTD.,Drugs - Generic,Quote
MEDICAMEQ.BO,MEDICAMEN BIOTECH LTD.,Drugs - Generic,Quote
MRK.DE,MERCK,Drugs - Generic,"Quote , Chart , News , Profile"
MERCK.NS,MERCK LTD INR10,Drugs - Generic,"Quote , Profile , Research"
MERCK.BO,MERCK LTD.,Drugs - Generic,Quote
MXC.AX,MGC PHARMA FPO,Drugs - Generic,"Quote , Profile"
MMJ.AX,MMJ PHYTO FPO,Drugs - Generic,"Quote , Profile , Research"
93M.DE,MPH MITTPH HLDG,Drugs - Generic,"Quote , Research"
MYOS,MYOS RENS Technology Inc.,Drugs - Generic,"Quote , Profile , Insider , Financials"
MYRX,MYREXIS INC CMN STK,Drugs - Generic,Quote
MNK,Mallinckrodt plc Ordinary Share,Drugs - Generic,"Quote , Profile , Research , Insider , Financials"
MNTA,"Momenta Pharmaceuticals, Inc.",Drugs - Generic,"Quote , Chart , Profile , Research , Msgs , Insider , Financials , Analyst Ratings"
MYL,Mylan N.V.,Drugs - Generic,"Quote , Profile , Research , Insider , Financials , Analyst Ratings"
NU.V,NEUTRISCI INTERNATIONAL INC,Drugs - Generic,"Quote , Profile"
NNH.ST,NEW NORD HEALTHBRAN,Drugs - Generic,"Quote , Profile"
NATR,"Nature's Sunshine Products, Inc",Drugs - Generic,"Quote , News , Profile , SEC , Insider , Financials , Analyst Ratings"
NEOS,"Neos Therapeutics, Inc.",Drugs - Generic,"Quote , Profile , Research , Insider , Financials"
NRX,"NephroGenex, Inc.",Drugs - Generic,"Quote , SEC , Insider"
NBIX,"Neurocrine Biosciences, Inc.",Drugs - Generic,"Quote , Chart , News , Profile , Research , SEC , Msgs , Insider , Financials , Analyst Ratings"
ORX.ST,OREXO,Drugs - Generic,"Quote , News , Profile"
ORTIN.BO,ORTIN LABORATORIES LTD.,Drugs - Generic,Quote
OFSA3.SA,OUROFINO S/AON NM,Drugs - Generic,"Quote , Profile , Research"
OCLS,"Oculus Innovative Sciences, Inc",Drugs - Generic,"Quote , Profile , Research , Insider , Financials , Analyst Ratings"
PDPL.NS,PARENTERAL DRUG INR10,Drugs - Generic,Quote
PARENTLD.BO,PARENTERAL DRUGS (INDIA) LTD.,Drugs - Generic,Quote
PHAR.BR,PHARCO,Drugs - Generic,Quote
PBP.AX,PROBIOTEC FPO,Drugs - Generic,"Quote , Profile"
PV3A.DE,"PSIVIDA CORP. DL-,01",Drugs - Generic,Quote
PCRX,"Pacira Pharmaceuticals, Inc.",Drugs - Generic,"Quote , Profile , Research , Insider , Financials , Analyst Ratings"
PARN,Parnell Pharmaceuticals Holding,Drugs - Generic,"Quote , Profile , Research , Financials"
QRX.AX,QRX PHARMA FPO,Drugs - Generic,Quote
QP.L,QUANTUM PHARMA PLC ORD 10P,Drugs - Generic,Quote
RLMD,RELMADA THERAPEUTICS,Drugs - Generic,Quote
RPGLIFE.NS,RPG LIFE SCIENCES INR8,Drugs - Generic,"Quote , News , Profile , Research"
RIGL,"Rigel Pharmaceuticals, Inc.",Drugs - Generic,"Quote , Chart , News , Profile , Research , SEC , Msgs , Insider , Financials , Analyst Ratings"
SANDUPHQ.BO,SANDU PHARMACEUTICALS LTD.,Drugs - Generic,Quote
4119.TW,SCI PHARMTECH INC TWD10,Drugs - Generic,"Quote , Chart , Profile , Research"
SIS.L,SCIENCE IN SPORT PLC ORD 10P,Drugs - Generic,"Quote , Profile"
SCYX,"SCYNEXIS, Inc.",Drugs - Generic,"Quote , Profile , Research , Insider , Financials"
SENBO.BO,SENBO INDUSTRIES LTD.,Drugs - Generic,Quote
SENDEX.OL,SERENDEX PHARM,Drugs - Generic,Quote
SER.OL,SERODUS,Drugs - Generic,"Quote , Profile"
SHILPAMED.NS,SHILPA MEDICARE INR1,Drugs - Generic,"Quote , Profile"
2877.HK,SHINEWAY PHARM,Drugs - Generic,"Quote , News , Profile , Research"
0460.HK,SIHUAN PHARM,Drugs - Generic,"Quote , News , Profile , Research"
SMRUTHI.BO,SMRUTHI ORGANICS LTD.,Drugs - Generic,Quote
SAZ.DE,STADA ARZNEIMIT. N,Drugs - Generic,"Quote , News , Profile"
STAR.NS,STRIDES ARCOLAB LIMITED,Drugs - Generic,"Quote , Chart , Profile , Research"
SUMM.L,SUMMIT THERAPEUTICS PLC ORD 1P,Drugs - Generic,"Quote , News , Profile"
SPARC.NS,SUN PHARMA ADV INR1,Drugs - Generic,"Quote , Profile , Research"
SUNPHARMA.BO,SUN PHARMACEUTICAL INDUSTRIES,Drugs - Generic,"Quote , News"
SUVEN.NS,SUVEN LIFE SCIENCES LIMITED,Drugs - Generic,"Quote , Profile , Research"
SUVEN.BO,SUVEN LIFE SCIENCES LTD.,Drugs - Generic,Quote
SYNCOM.NS,SYNCOM HEALTHCARE INR10,Drugs - Generic,"Quote , Profile"
SGNT,"Sagent Pharmaceuticals, Inc.",Drugs - Generic,"Quote , Insider , Financials , Analyst Ratings"
SPHS,"Sophiris Bio, Inc.",Drugs - Generic,"Quote , Research"
STDY,SteadyMed Ltd.,Drugs - Generic,"Quote , Profile , Research , Insider , Financials"
SUPN,"Supernus Pharmaceuticals, Inc.",Drugs - Generic,"Quote , Profile , Research , Insider , Financials , Analyst Ratings"
TRGM,TARGETED MEDICAL,Drugs - Generic,Quote
TEV.DE,TEVAPHARMIND SP ADR,Drugs - Generic,"Quote , News , Profile"
THEMISMED.NS,THEMIS MEDICARE LT INR10,Drugs - Generic,"Quote , Profile"
TBET,TIBET PHARMA INC,Drugs - Generic,Quote
TTPH,"Tetraphase Pharmaceuticals, Inc",Drugs - Generic,"Quote , Profile , Research , Insider , Financials"
MDCO,The Medicines Company,Drugs - Generic,"Quote , Chart , News , Profile , Research , SEC , Msgs , Insider , Financials , Analyst Ratings"
T14.SI,Tianjin ZX USD,Drugs - Generic,"Quote , Chart , Profile"
TRIMURTHI.BO,Trimurthi Limited,Drugs - Generic,Quote
VRX.TO,VALEANT PHARMACEUTICALS INTL IN,Drugs - Generic,"Quote , News , Profile , Research"
NPH.V,VANC PHARMACEUTICALS INC,Drugs - Generic,Quote
VNSN,VENSEN PHARMA INC,Drugs - Generic,Quote
VNSNE,VENSEN PHARMA INC,Drugs - Generic,Quote
VLG.L,VENTURE LIFE GROUP PLC ORD 0.3P,Drugs - Generic,"Quote , Profile"
VIKRAMTH.BO,VIKRAM THERMO (INDIA) LTD.,Drugs - Generic,Quote
VISTAPH.BO,VISTA PHARMACEUTICALS LTD.,Drugs - Generic,Quote
VISTIN.OL,VISTIN PHARMA,Drugs - Generic,"Quote , Profile"
VSAR,"Versartis, Inc.",Drugs - Generic,"Quote , Profile , Research , Insider , Financials"
WEIFA.OL,WEIFA,Drugs - Generic,"Quote , Profile"
ZTS,Zoetis Inc. Class A Common Stoc,Drugs - Generic,"Quote , Profile , Research , Insider , Financials"
ZYNE,"Zynerba Pharmaceuticals, Inc.",Drugs - Generic,"Quote , Profile , Research , Insider , Financials"
PSDV,pSivida Corp.,Drugs - Generic,"Quote , Profile , Research , Msgs , Insider , Financials , Analyst Ratings"
