AB.PA,AB SCIENCE,Drug Manufacturers - Major,"Quote , News , Profile , Research"
ABBV.PA,ABBVIE,Drug Manufacturers - Major,"Quote , Profile"
TRL.TO,ACERUS PHARMACEUTICALS CORPORAT,Drug Manufacturers - Major,"Quote , News"
ALBERTDA.BO,ALBERT DAVID LTD.,Drug Manufacturers - Major,Quote
AGY.L,ALLERGY THERAPEUTICS PLC ORD 0.,Drug Manufacturers - Major,"Quote , News , Profile , Research"
AHS.V,ALTA NATURAL HERBS AND SUPPLEME,Drug Manufacturers - Major,"Quote , Chart , Profile"
AMBALALSA.BO,AMBALAL SARABHAI ENTERPRISES L,Drug Manufacturers - Major,Quote
ANP.AX,ANTISENSE FPO,Drug Manufacturers - Major,"Quote , Chart , Profile"
ANUHPHR.BO,ANUH PHARMA LTD.,Drug Manufacturers - Major,"Quote , Research"
ANULABS.BO,ANUS LABORATORIES LTD.,Drug Manufacturers - Major,Quote
AZN.V,ARCTURUS VENTURES INC,Drug Manufacturers - Major,"Quote , Chart"
ARVINDREM.NS,ARVIND REMEDIES INR10,Drug Manufacturers - Major,"Quote , Profile"
ARVINDREM.BO,ARVIND REMEDIES LTD.,Drug Manufacturers - Major,Quote
AZN.ST,ASTRAZENECA,Drug Manufacturers - Major,"Quote , Chart , News , Profile"
ZEG.DE,ASTRAZENECA,Drug Manufacturers - Major,"Quote , News"
AZN.BA,ASTRAZENECA CEDEAR EACH REP 0.5,Drug Manufacturers - Major,"Quote , Chart , News"
ASTRAZEN.BO,ASTRAZENECA PHARMA INDIA LTD.,Drug Manufacturers - Major,Quote
AZN.L,ASTRAZENECA PLC ORD SHS $0.25,Drug Manufacturers - Major,"Quote , Chart , News , Profile , Research"
AZNN.MX,ASTRAZENECA SP ADS,Drug Manufacturers - Major,"Quote , Chart , News , Profile"
ASTRAZEN.NS,ASTREZENECA PHARMA INR2,Drug Manufacturers - Major,"Quote , Profile"
AUROLAB.BO,AURO LABORATORIES LTD.,Drug Manufacturers - Major,Quote
AUROPHARMA.NS,AUROBINDO PHARMA LIMITED,Drug Manufacturers - Major,"Quote , Profile"
VIV.V,AVIVAGEN INC,Drug Manufacturers - Major,"Quote , Profile"
ABBV,AbbVie Inc. Common Stock,Drug Manufacturers - Major,"Quote , Profile , Research , Insider , Financials"
AERI,"Aerie Pharmaceuticals, Inc.",Drug Manufacturers - Major,"Quote , Profile , Research , Insider , Financials"
ALIM,"Alimera Sciences, Inc.",Drug Manufacturers - Major,"Quote , Profile , Research , Insider , Financials , Analyst Ratings"
ALQA,"Alliqua BioMedical, Inc.",Drug Manufacturers - Major,"Quote , Profile , Research , Insider , Financials"
AXN,"Aoxing Pharmaceutical Company,",Drug Manufacturers - Major,"Quote , Profile , Research , Insider , Financials"
ASMB,"Assembly Biosciences, Inc.",Drug Manufacturers - Major,"Quote , Profile , Insider , Financials"
AZN,Astrazeneca PLC Common Stock,Drug Manufacturers - Major,"Quote , Chart , Profile , Research , Msgs , Financials"
BAFNAPHARM.NS,BAFNA PHARMACEUTIC INR10,Drug Manufacturers - Major,"Quote , Profile"
BAY.MI,BAYER,Drug Manufacturers - Major,"Quote , Profile"
BAYN.DE,BAYER AG NA O.N.,Drug Manufacturers - Major,"Quote , News , Profile , Research"
BAYA.DE,BAYER AG SP ADR,Drug Manufacturers - Major,"Quote , News"
BDH.BO,BDH INDUSTRIES LTD.,Drug Manufacturers - Major,"Quote , Research"
0926.HK,BESUNYEN,Drug Manufacturers - Major,"Quote , Chart , Profile , Research"
BXP.L,BEXIMCO PHARMACEUTICALS LIMITED,Drug Manufacturers - Major,"Quote , Profile"
BIOG-B.ST,BIOGAIA -B-,Drug Manufacturers - Major,Quote
BNVID,BIONOVO INC,Drug Manufacturers - Major,Quote
RX.V,BIOSYENT INC.,Drug Manufacturers - Major,"Quote , News , Profile , Research"
BLISSGVS.NS,BLISS GVS PHARMA INR1,Drug Manufacturers - Major,"Quote , Profile"
BLISSGVS.BO,BLISS GVS PHARMA LTD.,Drug Manufacturers - Major,Quote
BOI.PA,BOIRON,Drug Manufacturers - Major,"Quote , News , Profile , Research"
BRAWN.BO,BRAWN BIOTECH LTD.,Drug Manufacturers - Major,Quote
BRM.DE,BRISTOL-MYERSSQUIBB,Drug Manufacturers - Major,"Quote , News , Profile"
BMY.MX,BRISTOL-MYERSSQUIBB,Drug Manufacturers - Major,"Quote , News , Profile"
BMY.BA,BRISTOL-MYRS SQUIB CEDEAR REP 1,Drug Manufacturers - Major,"Quote , News"
BMYB34F.SA,BRISTOLMYERSDRN,Drug Manufacturers - Major,Quote
BMYB34.SA,BRISTOLMYERSDRN ED,Drug Manufacturers - Major,"Quote , Profile"
BROOKS.NS,BROOKS LAB LTD INR10,Drug Manufacturers - Major,"Quote , Profile"
BSPM,"Biostar Pharmaceuticals, Inc.",Drug Manufacturers - Major,"Quote , Profile , Financials"
BMY,Bristol-Myers Squibb Company Co,Drug Manufacturers - Major,"Quote , Chart , Profile , Research , SEC , Msgs , Insider , Financials , Analyst Ratings"
8225.HK,C HEALTH GP,Drug Manufacturers - Major,"Quote , Chart , Profile"
CAPPL.BO,CAPLIN POINT LABORATORIES LTD.,Drug Manufacturers - Major,"Quote , Research"
CTI.L,CATHAY INTERNATIONAL HOLDINGS L,Drug Manufacturers - Major,"Quote , Chart , Profile , Research"
8120.HK,CH DEMETER INV,Drug Manufacturers - Major,"Quote , Chart , News , Research"
CPHB,CHINA PHARMAHUB CORP,Drug Manufacturers - Major,Quote
CIPLA.NS,CIPLA LIMITED,Drug Manufacturers - Major,"Quote , News , Profile , Research"
CIPLA.BO,CIPLA LTD.,Drug Manufacturers - Major,"Quote , News"
0867.HK,CMS,Drug Manufacturers - Major,"Quote , Chart , Profile , Research"
COLINZ.BO,COLINZ LABORATORIES LTD.,Drug Manufacturers - Major,Quote
1093.HK,CSPC PHARMA,Drug Manufacturers - Major,"Quote , Chart , News , Profile , Research"
2348.HK,DAWNRAYS PHARMA,Drug Manufacturers - Major,"Quote , Chart , News , Profile , Research"
DPH.L,DECHRA PHARMACEUTICALS PLC ORD,Drug Manufacturers - Major,"Quote , Chart , News , Profile , Research"
DESHRAK.BO,DESH RAKSHAK AUSHDHALAYA LTD.,Drug Manufacturers - Major,Quote
63PE.L,EASTPHARMA LTD GDR (EACH REPR 1,Drug Manufacturers - Major,Quote
ECTE,ECHO THERAPEUTICS COM USD0.01,Drug Manufacturers - Major,Quote
EAH.L,ECO ANIMAL HEALTH GROUP PLC ORD,Drug Manufacturers - Major,"Quote , News , Profile , Research"
ELDERPHARM.BO,ELDER PHARMACEUTICALS LTD.,Drug Manufacturers - Major,Quote
ELDERPG.BO,ELDER PROJECTS LTD.,Drug Manufacturers - Major,Quote
LLY.MX,ELI LILLY & CO,Drug Manufacturers - Major,"Quote , News , Profile"
LLY.DE,ELI LILLY & CO,Drug Manufacturers - Major,"Quote , Chart , News , Profile"
ELGO,ENTEROLOGICS INC,Drug Manufacturers - Major,Quote
ALECR.PA,EUROFINS CEREP,Drug Manufacturers - Major,Quote
EVO.L,EVOCUTIS PLC ORD 0.01P,Drug Manufacturers - Major,Quote
0858.HK,EXTRAWELL PHAR,Drug Manufacturers - Major,"Quote , Chart , Profile"
LLY,Eli Lilly and Company Common St,Drug Manufacturers - Major,"Quote , Chart , Profile , Research , SEC , Msgs , Insider , Financials , Analyst Ratings"
E02.SI,Eu Yan Sang,Drug Manufacturers - Major,"Quote , Chart , News"
FDC.NS,FDC LIMITED,Drug Manufacturers - Major,"Quote , Chart , Profile , Research"
FDC.BO,FDC LTD.,Drug Manufacturers - Major,"Quote , Chart"
MLFER.PA,FERCO DEV.,Drug Manufacturers - Major,"Quote , Chart , Profile"
FUM.L,FUTURA MEDICAL PLC ORD 0.2P,Drug Manufacturers - Major,"Quote , Chart , News , Profile , Research"
GS7.DE,GLAXOSMITHKLINE,Drug Manufacturers - Major,"Quote , News , Profile"
GSKN.MX,GLAXOSMITHKLINE ADR,Drug Manufacturers - Major,"Quote , Chart , News , Profile"
GS7A.DE,GLAXOSMITHKLINE ADR,Drug Manufacturers - Major,"Quote , News"
GSK.BA,GLAXOSMITHKLINE CEDEAR EACH REP,Drug Manufacturers - Major,"Quote , News"
GLAXO.NS,GLAXOSMITHKLINE PHARMACEUTICALS,Drug Manufacturers - Major,"Quote , News , Profile , Research"
GSK.L,GLAXOSMITHKLINE PLC ORD 25P,Drug Manufacturers - Major,"Quote , Chart , News , Profile , Research"
GODAVARI.BO,GODAVARI DRUGS LTD.,Drug Manufacturers - Major,Quote
GRANULES.NS,GRANULES INDIA LIMITED,Drug Manufacturers - Major,"Quote , Profile"
GRANULES.BO,GRANULES INDIA LTD.,Drug Manufacturers - Major,Quote
GUFICBIO.NS,GUFIC BIOSCIENCES LIMITED,Drug Manufacturers - Major,"Quote , Profile"
GUFICBIO.BO,GUFIC BIOSCIENCES LTD.,Drug Manufacturers - Major,Quote
GUJTHEM.BO,GUJARAT THEMIS BIOSYN LTD.,Drug Manufacturers - Major,Quote
GWP.L,GW PHARMACEUTICALS PLC ORD 0.1P,Drug Manufacturers - Major,"Quote , Chart , News , Profile , Research"
GWPH,GW Pharmaceuticals Plc,Drug Manufacturers - Major,"Quote , Profile , Research , Financials"
GSK,GlaxoSmithKline PLC Common Stoc,Drug Manufacturers - Major,"Quote , Chart , Profile , Research , Msgs , Financials"
8019.HK,HAO WEN HLDGS,Drug Manufacturers - Major,"Quote , Chart , News , Profile"
HESTERBIO.NS,HESTER BIOSCIENCES INR10,Drug Manufacturers - Major,"Quote , Profile"
HESTERBIO.BO,HESTER BIOSCIENCES LTD.,Drug Manufacturers - Major,Quote
HSTC,HST GLOBAL INC,Drug Manufacturers - Major,Quote
HBMK,HUBEI MINKANG PHARM,Drug Manufacturers - Major,Quote
HCM.L,HUTCHISON CHINA MEDITECH LIMITE,Drug Manufacturers - Major,"Quote , News , Profile"
H02.SI,Haw Par,Drug Manufacturers - Major,"Quote , Chart , News , Profile"
HRTX,"Heron Therapeutics, Inc.",Drug Manufacturers - Major,"Quote , Research , Insider , Financials"
ICPTF,IC POTASH,Drug Manufacturers - Major,Quote
IDT.AX,IDT AUST FPO,Drug Manufacturers - Major,"Quote , Chart , Profile , Research"
INDOCO.NS,INDOCO REMEDIES LIMITED,Drug Manufacturers - Major,"Quote , Profile , Research"
INDOCO.BO,INDOCO REMEDIES LTD.,Drug Manufacturers - Major,Quote
INNV,INNOVUS PHARMA,Drug Manufacturers - Major,Quote
ISHITADR.BO,ISHITA DRUGS & INDUSTRIES LTD.,Drug Manufacturers - Major,Quote
IVEE.BO,IVEE INJECTAA LTD,Drug Manufacturers - Major,"Quote , Chart"
IMNP,Immune Pharmaceuticals Inc.,Drug Manufacturers - Major,"Quote , Profile , Research , Insider , Financials"
IPXL,"Impax Laboratories, Inc.",Drug Manufacturers - Major,"Quote , News , Profile , Research , SEC , Insider , Financials , Analyst Ratings"
JENBURPH.BO,JENBURKT PHARMACEUTICALS LTD.,Drug Manufacturers - Major,Quote
8049.HK,JILIN CHANGLONG,Drug Manufacturers - Major,"Quote , Chart , News , Profile"
JZHG,JINZANGHUANG TIBET,Drug Manufacturers - Major,Quote
JNJ.MX,JOHNSON & JOHNSON,Drug Manufacturers - Major,"Quote , Chart , News , Profile"
JNJB34.SA,JOHNSON DRN,Drug Manufacturers - Major,"Quote , Profile"
JNJB34F.SA,JOHNSON DRN,Drug Manufacturers - Major,Quote
JUBILANT.NS,JUBILANT LIFE SCIENCES LIMITED,Drug Manufacturers - Major,"Quote , News , Profile"
JNJ,Johnson & Johnson Common Stock,Drug Manufacturers - Major,"Quote , Chart , Profile , Research , SEC , Msgs , Insider , Financials , Analyst Ratings"
KAPPH.BO,KAPPAC PHARMA LTD.,Drug Manufacturers - Major,Quote
KILITCH.NS,KILITCH DRUGS(INDI INR10,Drug Manufacturers - Major,"Quote , News , Profile"
KOPRAN.NS,KOPRAN LIMITED,Drug Manufacturers - Major,"Quote , Profile , Research"
KOPRAN.BO,KOPRAN LTD.,Drug Manufacturers - Major,Quote
KREBSBIO.BO,KREBS BIOCHEMICALS & INDUSTRIE,Drug Manufacturers - Major,Quote
KYTH,"Kythera Biopharmaceuticals, Inc",Drug Manufacturers - Major,"Quote , Insider , Analyst Ratings"
LAVI.AT,LAVIPHARM,Drug Manufacturers - Major,"Quote , Profile"
0950.HK,LEE'S PHARM,Drug Manufacturers - Major,"Quote , Profile , Research"
LLY.PA,LILLY AND CO,Drug Manufacturers - Major,"Quote , Profile"
LILY34.SA,LILLY DRN,Drug Manufacturers - Major,"Quote , Profile"
LILY34F.SA,LILLY DRN,Drug Manufacturers - Major,Quote
LINCOPH.BO,LINCOLN PHARMACEUTICALS LTD.,Drug Manufacturers - Major,Quote
8058.HK,LUOXIN PHARMA,Drug Manufacturers - Major,"Quote , News , Profile , Research"
MYX.AX,M PHARMA FPO,Drug Manufacturers - Major,"Quote , Profile , Research"
MAKERSL.BO,MAKERS LABORATORIES LTD.,Drug Manufacturers - Major,Quote
MARKSANS.NS,MARKSANS PHARMA LT INR1,Drug Manufacturers - Major,"Quote , Profile"
MARKSANS.BO,MARKSANS PHARMA LTD.,Drug Manufacturers - Major,Quote
MVP.AX,MEDICALDEV FPO,Drug Manufacturers - Major,"Quote , Chart , Profile , Research"
MRK.MX,MERCK,Drug Manufacturers - Major,"Quote , Chart , News , Profile"
MRK.BA,MERCK & CO INC CEDEAR (10 REP 1,Drug Manufacturers - Major,"Quote , Chart , News , Profile"
MRK.PA,MERCK AND CO INC,Drug Manufacturers - Major,"Quote , Chart , Profile"
MRCK34.SA,MERCK DRN,Drug Manufacturers - Major,"Quote , Profile"
MRCK34F.SA,MERCK DRN ED,Drug Manufacturers - Major,Quote
MOB.ST,MOBERG PHARMA,Drug Manufacturers - Major,"Quote , News , Profile"
MOREPENLAB.BO,MOREPEN LABORATORIES LTD.,Drug Manufacturers - Major,Quote
MRK,"Merck & Company, Inc. Common St",Drug Manufacturers - Major,"Quote , Chart , Profile , Research , Msgs , Insider , Financials , Analyst Ratings"
NNAB,NANO-ANTIBIOTICS,Drug Manufacturers - Major,Quote
NANO.PA,NANOBIOTIX,Drug Manufacturers - Major,"Quote , Profile , Research"
NATCOPHARM.NS,NATCO PHARMA LIMITED,Drug Manufacturers - Major,"Quote , Profile"
NATCAPSUQ.BO,NATURAL CAPSULES LTD.,Drug Manufacturers - Major,Quote
NAVA.OL,NAVAMEDIC,Drug Manufacturers - Major,"Quote , News , Profile"
NECLIFE.NS,NECTAR LIFESCIENCES LIMITED,Drug Manufacturers - Major,"Quote , News , Profile , Research"
NECLIFE.BO,NECTAR LIFESCIENCES LTD.,Drug Manufacturers - Major,Quote
NVP.ST,NEUROVIVE PHARMA,Drug Manufacturers - Major,"Quote , Profile"
NTRR,NEUTRA CORP,Drug Manufacturers - Major,Quote
NTRRE,NEUTRA CORP,Drug Manufacturers - Major,Quote
NGLFINE.BO,NGL FINE-CHEM LTD.,Drug Manufacturers - Major,"Quote , Research"
8197.HK,NORTHEAST TIGER,Drug Manufacturers - Major,"Quote , Chart , Profile"
NVS.BA,NOVARTIS AG CEDEAR EACH REP 0.5,Drug Manufacturers - Major,"Quote , Chart , News"
0QLR.L,NOVARTIS AG NOVARTIS ORD SHS,Drug Manufacturers - Major,"Quote , Profile"
NOT.DE,NOVARTIS N,Drug Manufacturers - Major,"Quote , Profile"
NVSN.MX,NOVARTIS SP ADR,Drug Manufacturers - Major,"Quote , Chart , News , Profile"
NOTA.DE,NOVARTIS SP ADR,Drug Manufacturers - Major,"Quote , News , Profile"
NRT.AX,NOVOGEN FPO,Drug Manufacturers - Major,"Quote , Chart , Profile , Research"
NVS,Novartis AG Common Stock,Drug Manufacturers - Major,"Quote , Chart , Profile , Research , Msgs , Financials"
NVGN,Novogen Limited,Drug Manufacturers - Major,"Quote , Chart , News , Profile , Research , Msgs , Insider , Financials"
OASM.ST,OASMIA,Drug Manufacturers - Major,"Quote , Profile"
OPT.AX,OPTHEA FPO,Drug Manufacturers - Major,"Quote , Profile , Research"
OCPA.L,ORCHID PHARMA LIMITED GDR (EACH,Drug Manufacturers - Major,Quote
ORCHIDCHEM.BO,ORCHID PHARMA LTD,Drug Manufacturers - Major,"Quote , News"
PCBB.BR,PCB,Drug Manufacturers - Major,"Quote , Chart"
8231.HK,PFC DEVICE,Drug Manufacturers - Major,"Quote , Chart , News"
PFE.MX,PFIZER,Drug Manufacturers - Major,"Quote , Chart , News , Profile"
PFE.ST,PFIZER,Drug Manufacturers - Major,"Quote , Chart , News , Profile"
PFIZ34.SA,PFIZER DRN,Drug Manufacturers - Major,"Quote , Profile"
PFIZ34F.SA,PFIZER DRN,Drug Manufacturers - Major,Quote
PFE.BA,PFIZER INC CEDEAR EACH 2 REP 1,Drug Manufacturers - Major,"Quote , Chart , News , Profile"
PFZ.L,PFIZER INCORPORATED COM STK USD,Drug Manufacturers - Major,"Quote , News , Profile"
PFIZER.NS,PFIZER LIMITED,Drug Manufacturers - Major,"Quote , Profile , Research"
PFIZER.BO,PFIZER LTD.,Drug Manufacturers - Major,Quote
PHRMASI.BO,PHAARMASIA LTD.,Drug Manufacturers - Major,Quote
PHARMAID.BO,PHARMAIDS PHARMACEUTICALS LTD.,Drug Manufacturers - Major,Quote
PHAL.ST,PHARMALUNDENSIS,Drug Manufacturers - Major,Quote
PXS.AX,PHARMAXIS FPO,Drug Manufacturers - Major,"Quote , Chart , Profile , Research"
PHO.OL,PHOTOCURE,Drug Manufacturers - Major,"Quote , Chart , News , Profile"
4108.TW,PHYTOHEALTH CORP. TWD10,Drug Manufacturers - Major,"Quote , Profile"
PRL.MI,PIERREL,Drug Manufacturers - Major,"Quote , News , Profile"
PHST.L,PJSC PHARMSTANDARD GDR (4 GDRS,Drug Manufacturers - Major,"Quote , News , Profile"
PLE.L,PLETHORA SOLUTIONS,Drug Manufacturers - Major,"Quote , News"
PRTT,PROTECT PHARMACEUT COM USD0.01(,Drug Manufacturers - Major,Quote
PFE,"Pfizer, Inc. Common Stock",Drug Manufacturers - Major,"Quote , Chart , Profile , Research , SEC , Msgs , Insider , Financials , Analyst Ratings"
2010.HK,REAL NUTRI,Drug Manufacturers - Major,"Quote , News , Profile , Research"
REC.MI,RECORDATI ORD,Drug Manufacturers - Major,"Quote , News , Profile , Research"
RTRX,"Retrophin, Inc.",Drug Manufacturers - Major,"Quote , Profile , Research , Insider , Financials"
RMTI,"Rockwell Medical, Inc.",Drug Manufacturers - Major,"Quote , Chart , News , Profile , Research , SEC , Msgs , Insider , Financials , Analyst Ratings"
SANJIVIN.BO,SANJIVANI PARANTERAL LTD.,Drug Manufacturers - Major,Quote
SAC.DE,SANOCHEMIA PHARMA,Drug Manufacturers - Major,"Quote , Profile"
SAN.PA,SANOFI,Drug Manufacturers - Major,"Quote , News , Profile , Research"
SANF.MI,SANOFI,Drug Manufacturers - Major,"Quote , Profile"
SANNV.PA,SANOFI I16,Drug Manufacturers - Major,"Quote , News"
SNW2.DE,SANOFI SP ADR,Drug Manufacturers - Major,"Quote , News , Profile"
SNYN.MX,SANOFI SP ADR,Drug Manufacturers - Major,"Quote , News , Profile"
SAR.L,SAREUM HOLDINGS PLC ORD 0.025P,Drug Manufacturers - Major,"Quote , News , Profile , Research"
0719.HK,SHANDONG XINHUA,Drug Manufacturers - Major,"Quote , Chart , Profile , Research"
SHARONBIO.BO,SHARON BIO-MEDICINE LTD.,Drug Manufacturers - Major,Quote
SPH.L,SINCLAIR PHARMA PLC ORD 1P,Drug Manufacturers - Major,"Quote , Chart , News , Profile"
SKP.L,SKYEPHARMA PLC ORD 100P,Drug Manufacturers - Major,"Quote , Chart , News"
SKBI,SKYSTAR BIO-PHARMA COM USD0.001,Drug Manufacturers - Major,Quote
SMSPHARMA.NS,SMS PHARMACEUTICAL INR1,Drug Manufacturers - Major,"Quote , Profile"
SMSPHARMA.BO,SMS PHARMACEUTICALS LTD.,Drug Manufacturers - Major,Quote
SOULD,SOUL & VIBE INTERA COM USD0.001,Drug Manufacturers - Major,Quote
2005.HK,SSY GROUP,Drug Manufacturers - Major,"Quote , News , Profile , Research"
SYNCOM.BO,SYNCOM HEALTHCARE LTD,Drug Manufacturers - Major,Quote
SYSCHEM.BO,SYSCHEM (INDIA) LTD.,Drug Manufacturers - Major,Quote
SNY,Sanofi American Depositary Shar,Drug Manufacturers - Major,"Quote , Chart , Profile , Research , Msgs , Financials"
CZ3.SI,Suntar Eco-City,Drug Manufacturers - Major,Quote
TRAB,THERABIOGEN INC,Drug Manufacturers - Major,Quote
TRABE,THERABIOGEN INC,Drug Manufacturers - Major,Quote
TWWI,THRIVE WORLD WIDE,Drug Manufacturers - Major,Quote
1666.HK,TONG REN TANG,Drug Manufacturers - Major,"Quote , News , Profile , Research"
TGLP,TONGLI PHARMA USA,Drug Manufacturers - Major,Quote
TGLPE,TONGLI PHARMA USA,Drug Manufacturers - Major,Quote
TWILITAKA.NS,TWILIGHT LITAKA PH INR5,Drug Manufacturers - Major,Quote
TWILITAKA.BO,TWILIGHT LITAKA PHARMA LTD.,Drug Manufacturers - Major,Quote
TXMD,"TherapeuticsMD, Inc. Common Sto",Drug Manufacturers - Major,"Quote , Profile , Research , Insider , Financials"
TNXP,Tonix Pharmaceuticals Holding C,Drug Manufacturers - Major,"Quote , Profile , Research , Insider , Financials"
TNXPD,Tonix Pharmaceuticals Holding C,Drug Manufacturers - Major,Quote
2327.HK,U-HOME HOLDINGS,Drug Manufacturers - Major,"Quote , Chart , Profile , Research"
UNICHEMLAB.NS,UNICHEM LABORATORIES LIMITED,Drug Manufacturers - Major,"Quote , Profile"
UNICHEMLAB.BO,UNICHEM LABORATORIES LTD.,Drug Manufacturers - Major,Quote
3933.HK,UNITED LAB,Drug Manufacturers - Major,"Quote , News , Profile , Research"
UNJHAFOR.BO,UNJHA FORMULATIONS LTD.,Drug Manufacturers - Major,Quote
VEC.L,VECTURA GROUP PLC ORD 0.025P,Drug Manufacturers - Major,"Quote , Chart , News , Profile , Research"
VENKPHR.BO,VENKAT PHARMA LTD.,Drug Manufacturers - Major,Quote
VENUSREM.NS,VENUS REMEDIES LTD INR10,Drug Manufacturers - Major,"Quote , Profile"
VETO.PA,VETOQUINOL,Drug Manufacturers - Major,"Quote , News , Profile , Research"
VIRP.PA,VIRBAC,Drug Manufacturers - Major,"Quote , Profile , Research"
VSC.AX,VLSCIENCE FPO,Drug Manufacturers - Major,"Quote , Profile"
WANBURY.NS,WANBURY LTD INR10,Drug Manufacturers - Major,"Quote , News , Profile"
WANBURY.BO,WANBURY LTD.,Drug Manufacturers - Major,Quote
WELCURE.BO,WELCURE DRUGS & PHARMACEUTICAL,Drug Manufacturers - Major,Quote
WINTAC.BO,WINTAC LTD.,Drug Manufacturers - Major,Quote
1889.HK,WUYI PHARMA,Drug Manufacturers - Major,"Quote , News , Profile , Research"
ZENITHHE.BO,ZENITH HEALTH CARE LTD.,Drug Manufacturers - Major,Quote
ZSPH,"ZS Pharma, Inc.",Drug Manufacturers - Major,"Quote , Insider"
ZYDEN.BO,ZYDEN GENTEC LTD.,Drug Manufacturers - Major,Quote
ZGNX,"Zogenix, Inc.",Drug Manufacturers - Major,"Quote , Profile , Research , Insider , Financials , Analyst Ratings"
