IATR.AT,ATHENS MEDICAL,Health Care Plans,"Quote , Profile"
AET,Aetna Inc. Common Stock,Health Care Plans,"Quote , Chart , Profile , Research , SEC , Msgs , Insider , Financials , Analyst Ratings"
ANTM,"Anthem, Inc. Common Stock",Health Care Plans,"Quote , Profile , Research , Insider , Financials"
CNC.V,CANYON COPPER CORP,Health Care Plans,"Quote , Chart , News , Profile"
CVS.MX,CVS HEALTH,Health Care Plans,"Quote , News , Profile"
CVS,CVS Health Corporation Common S,Health Care Plans,"Quote , Chart , Profile , Research , SEC , Msgs , Insider , Financials , Analyst Ratings"
CNC,Centene Corporation Common Stoc,Health Care Plans,"Quote , Chart , News , Profile , Research , Msgs , Insider , Financials , Analyst Ratings"
CI,Cigna Corporation Common Stock,Health Care Plans,"Quote , Chart , Profile , Research , SEC , Msgs , Insider , Financials , Analyst Ratings"
ESRX,Express Scripts Holding Company,Health Care Plans,"Quote , Chart , News , Profile , Research , Msgs , Insider , Financials , Analyst Ratings"
FEEL.ST,FEELGOOD SVENSKA,Health Care Plans,"Quote , Chart , News , Profile"
HRAA,HEALTH REV ASSURN,Health Care Plans,Quote
HIIQ,"Health Insurance Innovations, I",Health Care Plans,"Quote , Profile , Research , Insider , Financials"
HUM,Humana Inc. Common Stock,Health Care Plans,"Quote , Chart , Profile , Research , SEC , Msgs , Insider , Financials , Analyst Ratings"
MHH.DE,MEDISANA,Health Care Plans,"Quote , Profile"
MGLN,"Magellan Health, Inc.",Health Care Plans,"Quote , Chart , News , Profile , Research , Msgs , Insider , Financials , Analyst Ratings"
MOH,Molina Healthcare Inc Common St,Health Care Plans,"Quote , Chart , News , Profile , Research , Msgs , Insider , Financials , Analyst Ratings"
NXG.V,NEXGENRX INC.,Health Care Plans,"Quote , News , Profile"
OS.ST,ORASOLV,Health Care Plans,"Quote , News"
PYHH,PHYHEALTH CORP,Health Care Plans,Quote
PYHHD,PHYHEALTH CORP,Health Care Plans,Quote
QUAL3.SA,QUALICORP ON NM,Health Care Plans,"Quote , News , Profile , Research"
GDS.PA,RAMSAY GEN SANTE,Health Care Plans,"Quote , News , Profile , Research"
ONT.AX,SMILES LTD FPO,Health Care Plans,"Quote , Profile , Research"
UNH.DE,UNITEDHEALTH GROUP,Health Care Plans,"Quote , Chart , Profile"
UNH,UnitedHealth Group Incorporated,Health Care Plans,"Quote , Chart , Profile , Research , SEC , Msgs , Insider , Financials , Analyst Ratings"
UAM,Universal American Corporation,Health Care Plans,"Quote , Profile , Research , Insider , Financials , Analyst Ratings"
WCG,"Wellcare Health Plans, Inc. Com",Health Care Plans,"Quote , Chart , News , Profile , Research , Msgs , Insider , Financials , Analyst Ratings"
