"['ANNO', 'AMERICAN NANO SILICN', 'Synthetics', 'Quote']","['AXLL', 'Axiall Corporation', 'Synthetics', 'Quote , Research , Insider , Financials , Analyst Ratings']","['BLGO', 'BIOLARGO, INC.', 'Synthetics', 'Quote']","['GLTC', 'GELTECH SOLUTIONS', 'Synthetics', 'Quote']","['KBLB', 'KRAIG BIOCRAFT LABS', 'Synthetics', 'Quote']","['LTBR', 'Lightbridge Corporation', 'Synthetics', 'Quote , Research , Insider , Financials']"
"['ABAX', 'ABAXIS, Inc.', 'Medical Laboratories & Research', 'Quote , Chart , News , Research , SEC , Msgs , Insider , Financials , Analyst Ratings']","['ALPH.ST', 'ALPHAHELIX MOLE DIA', 'Medical Laboratories & Research', 'Quote']","['AGL.L', 'ANGLE PLC ORD 10P', 'Medical Laboratories & Research', 'Quote , Chart']","['AXDX', 'Accelerate Diagnostics, Inc.', 'Medical Laboratories & Research', 'Quote , Research , Insider , Financials']","['A', 'Agilent Technologies, Inc. Comm', 'Medical Laboratories & Research', 'Quote , Chart , Research , SEC , Msgs , Insider , Financials , Analyst Ratings']","['ALR', 'Alere Inc. Common Stock', 'Medical Laboratories & Research', 'Quote , Research , Insider , Financials , Analyst Ratings']","['AIQ', 'Alliance HealthCare Services, I', 'Medical Laboratories & Research', 'Quote , Research , Insider , Financials']","['ALOG', 'Analogic Corporation', 'Medical Laboratories & Research', 'Quote , Chart , News , Research , SEC , Msgs , Insider , Financials , Analyst Ratings']","['BGMD', 'BG MEDICINE INC COM USD0.001', 'Medical Laboratories & Research', 'Quote']","['BIM.PA', 'BIOMERIEUX', 'Medical Laboratories & Research', 'Quote , News']","['ALBIO.PA', 'BIOSYNEX', 'Medical Laboratories & Research', 'Quote']","['BIO', 'Bio-Rad Laboratories, Inc. Clas', 'Medical Laboratories & Research', 'Quote , Research , SEC , Insider , Financials , Analyst Ratings']","['BRLI', 'Bio-Reference Laboratories, Inc', 'Medical Laboratories & Research', 'Quote , Chart , News , Research , SEC , Msgs , Analyst Ratings']","['BEAT', 'BioTelemetry, Inc.', 'Medical Laboratories & Research', 'Quote , Research , Insider , Financials']","['BIOC', 'Biocept, Inc.', 'Medical Laboratories & Research', 'Quote , Research , Insider , Financials']","['BRKR', 'Bruker Corporation', 'Medical Laboratories & Research', 'Quote , Chart , News , Research , Msgs , Insider , Financials , Analyst Ratings']","['CRAD-B.ST', 'C-RAD -B-', 'Medical Laboratories & Research', 'Quote']","['COG.L', 'CAMBRIDGE COGNITION HOLDINGS PL', 'Medical Laboratories & Research', 'Quote , Chart']","['CBIS', 'CANNABIS SCIENCE INC', 'Medical Laboratories & Research', 'Quote']"
"['AFX.DE', 'CARL ZEISS MEDITEC', 'Medical Laboratories & Research', 'Quote , News']","['CEVI.ST', 'CELLAVISION', 'Medical Laboratories & Research', 'Quote , News , Research']","['CHOKSILA.BO', 'CHOKSI LABORATORIES LTD.', 'Medical Laboratories & Research', 'Quote']","['COV.OL', 'CONTEXT VISION', 'Medical Laboratories & Research', 'Quote , Chart , News , Research']","['CBAI', 'CORD BLOOD AMERICA', 'Medical Laboratories & Research', 'Quote']","['CBAT', 'CORTRONIX BIOMEDICAL', 'Medical Laboratories & Research', 'Quote']","['CTE.AX', 'CRYOSITE FPO', 'Medical Laboratories & Research', 'Quote , Chart , Research']","['CTSO', 'CYTOSORBENTS COR', 'Medical Laboratories & Research', 'Quote , Research , Insider , Financials']","['CTSOE', 'CYTOSORBENTS COR', 'Medical Laboratories & Research', 'Quote']","['CTSOD', 'CYTOSORBENTS COR', 'Medical Laboratories & Research', 'Quote']","['CGIX', 'Cancer Genetics, Inc.', 'Medical Laboratories & Research', 'Quote , Research , Insider , Financials']","['CRL', 'Charles River Laboratories Inte', 'Medical Laboratories & Research', 'Quote , Chart , News , Research , SEC , Msgs , Insider , Financials , Analyst Ratings']","['CHEK', 'Check-Cap Ltd.', 'Medical Laboratories & Research', 'Quote , Research , Financials']","['CO', 'China Cord Blood Corporation Co', 'Medical Laboratories & Research', 'Quote , Research , Insider , Financials , Analyst Ratings']","['CBMX', 'CombiMatrix Corporation', 'Medical Laboratories & Research', 'Quote , Chart , News , Research , Msgs , Insider , Financials']","['P8A.SI', 'Cordlife', 'Medical Laboratories & Research', 'Quote , News']","['DDXS', 'DIADEXUS, INC.', 'Medical Laboratories & Research', 'Quote']","['DIA.MI', 'DIASORIN', 'Medical Laboratories & Research', 'Quote , News']","['DOLPHMED.BO', 'DOLPHIN MEDICAL SERVICES LTD.', 'Medical Laboratories & Research', 'Quote']"
"['ERFNV.PA', 'EUROFINS NV', 'Medical Laboratories & Research', 'Quote']","['ERF.PA', 'EUROFINS SCIENT.', 'Medical Laboratories & Research', 'Quote , News']","['EXO.L', 'EXOVA GROUP PLC ORD 1P', 'Medical Laboratories & Research', 'Quote']","['ENZ', 'Enzo Biochem, Inc. Common Stock', 'Medical Laboratories & Research', 'Quote , Chart , News , Research , SEC , Msgs , Insider , Financials']","['EXAS', 'Exact Sciences Corporation', 'Medical Laboratories & Research', 'Quote , Chart , News , Research , SEC , Msgs , Insider , Financials , Analyst Ratings']","['FLDM', 'Fluidigm Corporation', 'Medical Laboratories & Research', 'Quote , Research , Insider , Financials , Analyst Ratings']","['FMI', 'Foundation Medicine, Inc.', 'Medical Laboratories & Research', 'Quote , Research , Insider , Financials']","['GES.V', 'GEMOSCAN CANADA INC', 'Medical Laboratories & Research', 'Quote , News']","['GTG.AX', 'GENE TECH FPO', 'Medical Laboratories & Research', 'Quote , Chart , Research']","['GNLK', 'GENELINK INC', 'Medical Laboratories & Research', 'Quote']","['GEN.TO', 'GENENEWS LIMITED', 'Medical Laboratories & Research', 'Quote , News , Research']","['GSS.AX', 'GENETICSIG FPO', 'Medical Laboratories & Research', 'Quote']","['GHDX', 'Genomic Health, Inc.', 'Medical Laboratories & Research', 'Quote , Research , Msgs , Insider , Financials , Analyst Ratings']","['GBSN', 'Great Basin Scientific, Inc.', 'Medical Laboratories & Research', 'Quote , Research , Insider , Financials']","['HTGM', 'HTG Molecular Diagnostics, Inc.', 'Medical Laboratories & Research', 'Quote , Research , Insider , Financials']","['HSKA', 'Heska Corporation', 'Medical Laboratories & Research', 'Quote , Chart , News , Research , SEC , Msgs , Insider , Financials , Analyst Ratings']","['ICLR', 'ICON plc', 'Medical Laboratories & Research', 'Quote , Chart , News , Research , Msgs , Financials']","['IDL-B.ST', 'IDL BIOTECH -B-', 'Medical Laboratories & Research', 'Quote']","['IMM.V', 'IMMUNOTEC INC.', 'Medical Laboratories & Research', 'Quote , News , Research']"
"['INIS', 'INTL ISOTOPES INC', 'Medical Laboratories & Research', 'Quote']","['NVTA', 'Invitae Corporation Common Stoc', 'Medical Laboratories & Research', 'Quote , Research , Insider , Financials']","['DRIO', 'LABSTYLE', 'Medical Laboratories & Research', 'Quote , Research , Insider , Financials']","['2898.HK', 'LONGRUN TEA', 'Medical Laboratories & Research', 'Quote , Chart']","['LO3.DE', 'LONZA GRP N', 'Medical Laboratories & Research', 'Quote']","['LH', 'Laboratory Corporation of Ameri', 'Medical Laboratories & Research', 'Quote , Chart , News , Research , SEC , Msgs , Insider , Financials , Analyst Ratings']","['MBI.V', 'MED BIOGENE INC.', 'Medical Laboratories & Research', 'Quote , News']","['ALMDT.PA', 'MEDIANTECHNOLOGIES', 'Medical Laboratories & Research', 'Quote']","['MEDICAB.MX', 'MEDICA SUR-B', 'Medical Laboratories & Research', 'Quote , Chart , Research']","['MEDINOV.BO', 'MEDINOVA DIAGNOSTIC SERVICES L', 'Medical Laboratories & Research', 'Quote']","['MDIT', 'MEDITE CANCER DIAG COM NPV(POST', 'Medical Laboratories & Research', 'Quote']","['MDITD', 'MEDITE CANCER DIAG COM NPV(POST', 'Medical Laboratories & Research', 'Quote']","['MDITE', 'MEDITE CANCER DIAG COM NPV(POST', 'Medical Laboratories & Research', 'Quote']","['MMMS', 'MEDYTOX SOLUTIONS', 'Medical Laboratories & Research', 'Quote']","['MMTC', 'MICRO IMAGING TECH', 'Medical Laboratories & Research', 'Quote']","['MMTCD', 'MICRO IMAGING TECH', 'Medical Laboratories & Research', 'Quote']","['MOM.V', 'MIRACULINS INC.', 'Medical Laboratories & Research', 'Quote , Chart , News']","['0233.HK', 'MY MEDICARE', 'Medical Laboratories & Research', 'Quote , Chart , Research']","['NN6.DE', 'NANOREPRO', 'Medical Laboratories & Research', 'Quote']"
"['NDQ.TO', 'NOVADAQ TECHNOLOGIES INC.', 'Medical Laboratories & Research', 'Quote , News , Research']","['NSPH', 'Nanosphere, Inc.', 'Medical Laboratories & Research', 'Quote , Research , Insider , Analyst Ratings']","['NTRA', 'Natera, Inc.', 'Medical Laboratories & Research', 'Quote , Research , Insider , Financials']","['NEO', 'NeoGenomics, Inc.', 'Medical Laboratories & Research', 'Quote , Research , Insider , Financials , Analyst Ratings']","['NVDQ', 'Novadaq Technologies Inc', 'Medical Laboratories & Research', 'Quote , Research , Financials , Analyst Ratings']","['OBJ.AX', 'OBJ LTD FPO', 'Medical Laboratories & Research', 'Quote , Chart , Research']","['OSL.AX', 'ONCOSIL FPO', 'Medical Laboratories & Research', 'Quote']","['OXI.PA', 'OXIS INTL', 'Medical Laboratories & Research', 'Quote , News']","['OXIS', 'OXIS INTL INC', 'Medical Laboratories & Research', 'Quote']","['OPGN', 'OpGen, Inc.', 'Medical Laboratories & Research', 'Quote , Research , Insider , Financials']","['PRXL', 'PAREXEL International Corporati', 'Medical Laboratories & Research', 'Quote , Chart , News , Research , SEC , Msgs , Insider , Financials , Analyst Ratings']","['PAA.AX', 'PHARMAUST FPO', 'Medical Laboratories & Research', 'Quote , Chart , Research']","['PSID', 'POSITIVEID CORPORATI', 'Medical Laboratories & Research', 'Quote']","['PRAH', 'PRA Health Sciences, Inc.', 'Medical Laboratories & Research', 'Quote , Research , Insider , Financials']","['NIPT.L', 'PREMAITHA HEALTH PLC ORD 10P', 'Medical Laboratories & Research', 'Quote']","['PRM.L', 'PROTEOME SCIENCES PLC ORD 1P', 'Medical Laboratories & Research', 'Quote , Chart , News']","['PEB.NZ', 'Pacific Edge Limited Ordinary S', 'Medical Laboratories & Research', 'Quote , Chart']","['PKI', 'PerkinElmer, Inc. Common Stock', 'Medical Laboratories & Research', 'Quote , Chart , News , Research , SEC , Msgs , Insider , Financials , Analyst Ratings']","['PMD', 'Psychemedics Corporation', 'Medical Laboratories & Research', 'Quote , Research , SEC , Insider , Financials']"
"['0H1Z.L', 'QIAGEN NV QIAGEN ORD SHS', 'Medical Laboratories & Research', 'Quote']","['DGX', 'Quest Diagnostics Incorporated', 'Medical Laboratories & Research', 'Quote , Chart , Research , SEC , Msgs , Insider , Financials , Analyst Ratings']","['Q', 'Quintiles IMS Holdings, Inc. Co', 'Medical Laboratories & Research', 'Quote , Chart , Research , Msgs , Insider , Financials']","['RDNT', 'RadNet, Inc.', 'Medical Laboratories & Research', 'Quote , Research , Insider , Financials , Analyst Ratings']","['RGDX', 'Response Genetics, Inc.', 'Medical Laboratories & Research', 'Quote , Insider , Analyst Ratings']","['ROKA', 'Roka Bioscience, Inc.', 'Medical Laboratories & Research', 'Quote , Research , Insider , Financials']","['ROSG', 'Rosetta Genomics Ltd.', 'Medical Laboratories & Research', 'Quote , Research , Financials']","['SVA.V', 'SERNOVA CORP.', 'Medical Laboratories & Research', 'Quote , News']","['8250.HK', 'SILK RD ENERGY', 'Medical Laboratories & Research', 'Quote , Chart , News']","['EDT.TO', 'SPECTRAL MEDICAL INC', 'Medical Laboratories & Research', 'Quote']","['SQD.V', 'SQI DIAGNOSTICS INC.', 'Medical Laboratories & Research', 'Quote , News , Research']","['SSI.PA', 'SUPERSONIC IMAGINE', 'Medical Laboratories & Research', 'Quote']","['SOBI.ST', 'SWE ORPHAN BIOVITRU', 'Medical Laboratories & Research', 'Quote , News , Research']","['LIO1.DE', 'SYGNIS', 'Medical Laboratories & Research', 'Quote']","['0QBE.L', 'SYGNIS AG SYGNIS PHARMA ORD SHS', 'Medical Laboratories & Research', 'Quote']","['SGNL', 'Signal Genetics, Inc.', 'Medical Laboratories & Research', 'Quote , Research , Insider , Financials']","['SPEXD', 'Spherix Incorporated', 'Medical Laboratories & Research', 'Quote']","['TLB.TO', 'TEARLAB CORPORATION', 'Medical Laboratories & Research', 'Quote , News , Research']","['ALTER.PA', 'THERADIAG', 'Medical Laboratories & Research', 'Quote']"
"['TMO', 'Thermo Fisher Scientific Inc Co', 'Medical Laboratories & Research', 'Quote , Chart , Research , SEC , Msgs , Insider , Financials , Analyst Ratings']","['TROV', 'TrovaGene, Inc.', 'Medical Laboratories & Research', 'Quote , News , Research , Insider , Financials']","['VRTT', 'VIATAR CTC SOLUTIO COM USD0.001', 'Medical Laboratories & Research', 'Quote']","['VIMTALABS.NS', 'VIMTA LABORATORIES INR2', 'Medical Laboratories & Research', 'Quote']","['WGBS', 'WaferGen Bio-systems, Inc.', 'Medical Laboratories & Research', 'Quote , Research , Insider , Financials']"
"['MLACP.PA', 'ACEP FRANCE', 'Medical Instruments & Supplies', 'Quote']","['AMS.L', 'ADVANCED MEDICAL SOLUTIONS GROU', 'Medical Instruments & Supplies', 'Quote , Chart , News']","['AKR.L', 'AKERS BIOSCIENCES, INC. COM SHS', 'Medical Instruments & Supplies', 'Quote , Chart , News']","['AMP.MI', 'AMPLIFON .', 'Medical Instruments & Supplies', 'Quote , Chart , News']","['ANN.AX', 'ANSELL FPO', 'Medical Instruments & Supplies', 'Quote , Chart']","['1149.HK', 'ANXIN-CHINA', 'Medical Instruments & Supplies', 'Quote , Chart , News , Research']","['0899.HK', 'ASIA RESOURCES', 'Medical Instruments & Supplies', 'Quote , Chart']","['ATEC', 'Alphatec Holdings, Inc.', 'Medical Instruments & Supplies', 'Quote , Research , Msgs , Insider , Financials , Analyst Ratings']","['ANGO', 'AngioDynamics, Inc.', 'Medical Instruments & Supplies', 'Quote , Chart , Research , Msgs , Insider , Financials , Analyst Ratings']","['ATRS', 'Antares Pharma, Inc.', 'Medical Instruments & Supplies', 'Quote , Chart , News , Research , Insider , Financials , Analyst Ratings']","['ATRC', 'AtriCure, Inc.', 'Medical Instruments & Supplies', 'Quote , Research , Msgs , Insider , Financials , Analyst Ratings']","['ATRI', 'Atrion Corporation', 'Medical Instruments & Supplies', 'Quote , Chart , News , Research , SEC , Msgs , Insider , Financials']","['BALM3.SA', 'BAUMER ON', 'Medical Instruments & Supplies', 'Quote , Chart']","['BALM4.SA', 'BAUMER PN', 'Medical Instruments & Supplies', 'Quote , Chart']","['BAXS', 'BAXANO SURGICAL INC', 'Medical Instruments & Supplies', 'Quote']","['BTL.DE', 'BAXTER INTL', 'Medical Instruments & Supplies', 'Quote']","['BMRA', 'BIOMERICA INC', 'Medical Instruments & Supplies', 'Quote , Research , Insider , Financials']","['BIOT.ST', 'BIOTAGE', 'Medical Instruments & Supplies', 'Quote , News , Research']","['BAX', 'Baxter International Inc. Commo', 'Medical Instruments & Supplies', 'Quote , Chart , Research , SEC , Msgs , Insider , Financials , Analyst Ratings']"
"['BIOL', 'Biolase, Inc.', 'Medical Instruments & Supplies', 'Quote , Research , Insider , Financials , Analyst Ratings']","['BCR', 'C.R. Bard, Inc. Common Stock', 'Medical Instruments & Supplies', 'Quote , Chart , News , Research , SEC , Msgs , Insider , Financials , Analyst Ratings']","['ALCAR.PA', 'CARMAT', 'Medical Instruments & Supplies', 'Quote , News']","['CASM', 'CAS Medical Systems, Inc.', 'Medical Instruments & Supplies', 'Quote , Research , Msgs , Insider , Financials']","['CSURGSU.BO', 'CENTENIAL SURGICAL SUTURE LTD.', 'Medical Instruments & Supplies', 'Quote']","['1164.HK', 'CGN MINING', 'Medical Instruments & Supplies', 'Quote , Chart , Research']","['0512.HK', 'CHINAGRANDPHARM', 'Medical Instruments & Supplies', 'Quote , Chart']","['CFMSF', 'CLIFTON STAR RESOURC', 'Medical Instruments & Supplies', 'Quote']","['CLV.AX', 'CLOVER FPO', 'Medical Instruments & Supplies', 'Quote , Chart']","['CMP.AX', 'COMPUMEDIC FPO', 'Medical Instruments & Supplies', 'Quote , Chart']","['CPCF', 'CPC OF AMERICA INC', 'Medical Instruments & Supplies', 'Quote']","['ALCJ.PA', 'CROSSJECT', 'Medical Instruments & Supplies', 'Quote']","['CMN', 'Cantel Medical Corp. Common Sto', 'Medical Instruments & Supplies', 'Quote , Chart , News , Research , Msgs , Insider , Financials']","['COO', 'Cooper Companies, Inc. (The) Co', 'Medical Instruments & Supplies', 'Quote , Chart , Research , SEC , Msgs , Insider , Financials , Analyst Ratings']","['XRAY', 'DENTSPLY SIRONA Inc.', 'Medical Instruments & Supplies', 'Quote , Chart , News , Research , SEC , Msgs , Insider , Financials , Analyst Ratings']","['CRDC', 'DEXTERA SURGICAL INC COM', 'Medical Instruments & Supplies', 'Quote , Msgs , Insider , Analyst Ratings']","['DSCI', 'Derma Sciences, Inc.', 'Medical Instruments & Supplies', 'Quote , Research , Insider , Financials , Analyst Ratings']","['0943.HK', 'EFORCE HOLDINGS', 'Medical Instruments & Supplies', 'Quote , Chart , Research']","['EKSO', 'EKSO BIONICS HOLDING', 'Medical Instruments & Supplies', 'Quote , Research , Financials']"
"['ECIA', 'ENCISION INC', 'Medical Instruments & Supplies', 'Quote']","['ERG.V', 'ERGORESEARCH LTD', 'Medical Instruments & Supplies', 'Quote , Chart , News']","['EINV.PA', 'ESSILOR INTL I16', 'Medical Instruments & Supplies', 'Quote']","['EI.PA', 'ESSILOR INTL.', 'Medical Instruments & Supplies', 'Quote , News']","['ELGX', 'Endologix, Inc.', 'Medical Instruments & Supplies', 'Quote , Chart , News , Research , Msgs , Insider , Financials , Analyst Ratings']","['ENTL', 'Entellus Medical, Inc.', 'Medical Instruments & Supplies', 'Quote , Research , Insider , Financials']","['GXI.DE', 'GERRESHEIMER', 'Medical Instruments & Supplies', 'Quote , News']","['GETI-B.ST', 'GETINGE -B-', 'Medical Instruments & Supplies', 'Quote']","['GKB.BO', 'GKB OPHTHALMICS LTD.', 'Medical Instruments & Supplies', 'Quote , Research']","['0801.HK', 'GOLDEN MEDITECH', 'Medical Instruments & Supplies', 'Quote , News , Research']","['GKOS', 'Glaukos Corporation Common Stoc', 'Medical Instruments & Supplies', 'Quote , Research , Insider , Financials']","['8143.HK', 'HUA XIA HEALTH', 'Medical Instruments & Supplies', 'Quote , Chart']","['HDII', 'HYPERTENSION DIAG', 'Medical Instruments & Supplies', 'Quote']","['HAE', 'Haemonetics Corporation Common', 'Medical Instruments & Supplies', 'Quote , Chart , News , Research , SEC , Msgs , Insider , Financials , Analyst Ratings']","['HYH', 'Halyard Health, Inc. Common Sto', 'Medical Instruments & Supplies', 'Quote , Chart , Research , Insider , Financials']","['HBIO', 'Harvard Bioscience, Inc.', 'Medical Instruments & Supplies', 'Quote , Chart , News , Research , SEC , Msgs , Insider , Financials , Analyst Ratings']","['HTWR', 'Heartware International, Inc.', 'Medical Instruments & Supplies', 'Quote , Research , Insider , Financials']","['HRC', 'Hill-Rom Holdings Inc Common St', 'Medical Instruments & Supplies', 'Quote , News , Research , Msgs , Insider , Financials , Analyst Ratings']","['ALICR.PA', 'I.CERAM', 'Medical Instruments & Supplies', 'Quote']"
"['IM.TO', 'IMRIS INC.', 'Medical Instruments & Supplies', 'Quote , Research']","['0399.HK', 'INNOVATIVE PHAR', 'Medical Instruments & Supplies', 'Quote , Chart , Research']","['IRSB', 'IRIS BIOTECHNOLOGIES', 'Medical Instruments & Supplies', 'Quote']","['IMSU', 'ITECH MEDICAL INC', 'Medical Instruments & Supplies', 'Quote']","['ITD.AX', 'ITL LTD FPO', 'Medical Instruments & Supplies', 'Quote , Chart , Research']","['IMRS', 'Imris Inc', 'Medical Instruments & Supplies', 'Quote , Analyst Ratings']","['INGN', 'Inogen, Inc', 'Medical Instruments & Supplies', 'Quote , Chart , News , Research , Msgs , Insider , Financials']","['PODD', 'Insulet Corporation', 'Medical Instruments & Supplies', 'Quote , Research , Insider , Financials , Analyst Ratings']","['IART', 'Integra LifeSciences Holdings C', 'Medical Instruments & Supplies', 'Quote , Chart , News , Research , SEC , Msgs , Insider , Financials , Analyst Ratings']","['IVTY', 'Invuity, Inc.', 'Medical Instruments & Supplies', 'Quote , Research , Insider , Financials']","['LAKE', 'Lakeland Industries, Inc.', 'Medical Instruments & Supplies', 'Quote , Chart , News , Research , SEC , Msgs , Insider , Financials']","['LMAT', 'LeMaitre Vascular, Inc.', 'Medical Instruments & Supplies', 'Quote , Research , Insider , Financials , Analyst Ratings']","['LMNX', 'Luminex Corporation', 'Medical Instruments & Supplies', 'Quote , Chart , News , Research , SEC , Msgs , Insider , Financials , Analyst Ratings']","['3DM.AX', 'MACH7 TECHNOLOGIES LTD', 'Medical Instruments & Supplies', 'Quote']","['MDHI', 'MEDICAL ALARM CONCEP', 'Medical Instruments & Supplies', 'Quote']","['MLA.AX', 'MEDICAL AU FPO', 'Medical Instruments & Supplies', 'Quote , Research']","['MPEN.ST', 'MEDICPEN', 'Medical Instruments & Supplies', 'Quote']","['ALMED.PA', 'MEDICREA INTERNAT.', 'Medical Instruments & Supplies', 'Quote , News']","['MGZ.AX', 'MEDIGARD FPO', 'Medical Instruments & Supplies', 'Quote , Chart']"
"['MPSP', 'MEDPRO SAFETY PD', 'Medical Instruments & Supplies', 'Quote']","['MLMFI.PA', 'MFI CONDOR', 'Medical Instruments & Supplies', 'Quote']","['MMSI', 'Merit Medical Systems, Inc.', 'Medical Instruments & Supplies', 'Quote , Chart , News , Research , SEC , Msgs , Insider , Financials , Analyst Ratings']","['MLAB', 'Mesa Laboratories, Inc.', 'Medical Instruments & Supplies', 'Quote , Chart , News , Research , SEC , Msgs , Insider , Financials']","['MTD', 'Mettler-Toledo International, I', 'Medical Instruments & Supplies', 'Quote , Chart , News , Research , SEC , Msgs , Insider , Financials , Analyst Ratings']","['MLSS', 'Milestone Scientific, Inc. Comm', 'Medical Instruments & Supplies', 'Quote , Research , Insider , Financials']","['NAN.AX', 'NANOSONICS FPO', 'Medical Instruments & Supplies', 'Quote']","['NEPH', 'NEPHROS INC.', 'Medical Instruments & Supplies', 'Quote']","['NURO', 'NeuroMetrix, Inc.', 'Medical Instruments & Supplies', 'Quote , Chart , Research , Msgs , Insider , Financials , Analyst Ratings']","['NUROD', 'NeuroMetrix, Inc.', 'Medical Instruments & Supplies', 'Quote']","['ODX.L', 'OMEGA DIAGNOSTICS GROUP PLC ORD', 'Medical Instruments & Supplies', 'Quote']","['ORTI-A.ST', 'ORTIVUS -A-', 'Medical Instruments & Supplies', 'Quote']","['ORTI-B.ST', 'ORTIVUS -B-', 'Medical Instruments & Supplies', 'Quote']","['OSUR', 'OraSure Technologies, Inc.', 'Medical Instruments & Supplies', 'Quote , Chart , News , Research , SEC , Msgs , Insider , Financials , Analyst Ratings']","['0239.HK', 'PAK FAH YEOW', 'Medical Instruments & Supplies', 'Quote , Chart , Research']","['1180.HK', 'PARADISE ENT', 'Medical Instruments & Supplies', 'Quote , Chart , News , Research']","['PIX.PA', 'PIXIUM VISION', 'Medical Instruments & Supplies', 'Quote']","['POLYMED.NS', 'POLY MEDICURE LTD INR5', 'Medical Instruments & Supplies', 'Quote , News']","['PEYE', 'PRECISION OPTICS', 'Medical Instruments & Supplies', 'Quote']"
"['LENS', 'Presbia PLC', 'Medical Instruments & Supplies', 'Quote , Chart , News , Research , Msgs , Insider , Financials']","['PDEX', 'Pro-Dex, Inc.', 'Medical Instruments & Supplies', 'Quote , Chart , News , Research , SEC , Msgs , Insider , Financials']","['QTXB', 'QUANTRX BIOMEDICAL', 'Medical Instruments & Supplies', 'Quote']","['REMI', 'REMEDENT INC', 'Medical Instruments & Supplies', 'Quote']","['REPR', 'REPRO MED SYS INC', 'Medical Instruments & Supplies', 'Quote']","['RMD.AX', 'RESMED CDI 10:1', 'Medical Instruments & Supplies', 'Quote , Chart']","['RMCP', 'REVOLUTIONS MEDICAL', 'Medical Instruments & Supplies', 'Quote']","['RXSF', 'RX SAFES INC COM USD0.001 (POST', 'Medical Instruments & Supplies', 'Quote']","['RVP', 'Retractable Technologies, Inc.', 'Medical Instruments & Supplies', 'Quote , Chart , News , Research , SEC , Msgs , Financials']","['SFL.MI', 'SAFILO GROUP', 'Medical Instruments & Supplies', 'Quote , News']","['SDI.AX', 'SDI FPO', 'Medical Instruments & Supplies', 'Quote , Chart , Research']","['SECI', 'SECTOR 10 INC', 'Medical Instruments & Supplies', 'Quote']","['SHREEPAC.BO', 'SHREE PACETRONIX LTD.', 'Medical Instruments & Supplies', 'Quote']","['SEYE', 'SIGNATURE EYEWEAR', 'Medical Instruments & Supplies', 'Quote']","['0593.HK', 'SKYOCEAN INTL', 'Medical Instruments & Supplies', 'Quote , Chart']","['SPANDIAQ.BO', 'SPAN DIAGNOSTICS LTD.', 'Medical Instruments & Supplies', 'Quote']","['STAA', 'STAAR Surgical Company', 'Medical Instruments & Supplies', 'Quote , Chart , News , Research , SEC , Msgs , Insider , Financials , Analyst Ratings']","['SKLN', 'Skyline Medical Inc.', 'Medical Instruments & Supplies', 'Quote , Research , Insider , Financials']","['SSRG', 'Symmetry Surgical Inc.', 'Medical Instruments & Supplies', 'Quote , Research , Insider']"
"['0455.HK', 'TIANDA PHARMA', 'Medical Instruments & Supplies', 'Quote , Chart']","['0570.HK', 'TRAD CHI MED', 'Medical Instruments & Supplies', 'Quote , Chart']","['TSTL.L', 'TRISTEL PLC ORD 1P', 'Medical Instruments & Supplies', 'Quote']","['TOS.TO', 'TSO3 INC', 'Medical Instruments & Supplies', 'Quote , Chart , News , Research']","['TNDM', 'Tandem Diabetes Care, Inc.', 'Medical Instruments & Supplies', 'Quote , Research , Insider , Financials']","['TFX', 'Teleflex Incorporated Common St', 'Medical Instruments & Supplies', 'Quote , Chart , Research , SEC , Msgs , Insider , Financials , Analyst Ratings']","['THOR', 'Thoratec Corporation', 'Medical Instruments & Supplies', 'Quote , Chart , News , Research , SEC , Msgs , Insider , Analyst Ratings']","['TRNX', 'Tornier N.V.', 'Medical Instruments & Supplies', 'Quote , Analyst Ratings']","['TRIV', 'TriVascular Technologies, Inc.', 'Medical Instruments & Supplies', 'Quote , Research , Insider']","['UNS.AX', 'UNILIFE CO CDI 60:1', 'Medical Instruments & Supplies', 'Quote']","['UEEC', 'UNITED HEALTH PROD', 'Medical Instruments & Supplies', 'Quote']","['AQUM', 'URBAN AG CORP', 'Medical Instruments & Supplies', 'Quote']","['UNIS', 'Unilife Corporation', 'Medical Instruments & Supplies', 'Quote , Research , Insider , Financials , Analyst Ratings']","['UTMD', 'Utah Medical Products, Inc.', 'Medical Instruments & Supplies', 'Quote , Chart , News , Research , SEC , Msgs , Insider , Financials']","['VPT.V', 'VENTRIPOINT DIAGNOSTICS LTD', 'Medical Instruments & Supplies', 'Quote , News , Research']","['ALVXM.PA', 'VEXIM', 'Medical Instruments & Supplies', 'Quote']","['VCRT', 'VICOR TECHNOLOGIES', 'Medical Instruments & Supplies', 'Quote']","['VGL.V', 'VIGIL HEALTH SOLUTIONS INC.', 'Medical Instruments & Supplies', 'Quote , Chart , News']","['0897.HK', 'WAI YUEN TONG', 'Medical Instruments & Supplies', 'Quote , Chart']"

"['5HH.SI', '$ Sinjia Land', 'Chemicals - Major Diversified', 'Quote , Research']","['SHLM', 'A. Schulman, Inc.', 'Chemicals - Major Diversified', 'Quote , Chart , News , Research , SEC , Msgs , Insider , Financials , Analyst Ratings']","['ABCIL.NS', 'ADITYA BIRLA CHEMICALS (INDIA)', 'Chemicals - Major Diversified', 'Quote , Research']","['ADVPETR-B.BO', 'ADVANCE PETROCHEMICALS LTD.', 'Chemicals - Major Diversified', 'Quote']","['87FZ.L', 'AECI LD 5 1/2% CUM PRF R2', 'Chemicals - Major Diversified', 'Quote']","['AI.PA', 'AIR LIQUIDE', 'Chemicals - Major Diversified', 'Quote , News']","['AKSCHEM.BO', 'AKSHARCHEM (INDIA) LTD.', 'Chemicals - Major Diversified', 'Quote']","['ALUFLUOR.BO', 'ALUFLUORIDE LTD.', 'Chemicals - Major Diversified', 'Quote']","['AFPW', 'ALUMIFUEL PWR CORP.', 'Chemicals - Major Diversified', 'Quote']","['AMNPLST.BO', 'AMINES & PLASTICIZERS LTD.', 'Chemicals - Major Diversified', 'Quote']","['ANO.AX', 'ANTARIA FPO', 'Chemicals - Major Diversified', 'Quote , Research']","['AKE.PA', 'ARKEMA', 'Chemicals - Major Diversified', 'Quote , News']","['AKENV.PA', 'ARKEMA I16', 'Chemicals - Major Diversified', 'Quote']","['ASAHISONG.NS', 'ASAHI SONGWON COLO INR10', 'Chemicals - Major Diversified', 'Quote']","['ASHOKALC.BO', 'ASHOK ALCO-CHEM LTD.', 'Chemicals - Major Diversified', 'Quote']","['ASINPET.BO', 'ASIAN PETROPRODUCTS & EXPORTS', 'Chemicals - Major Diversified', 'Quote']","['ASSAMCO.BO', 'ASSAM COMPANY (INDIA) LIMITED', 'Chemicals - Major Diversified', 'Quote']","['ASTEC.NS', 'ASTEC LIFESCIENCES INR10(DEMAT)', 'Chemicals - Major Diversified', 'Quote , Research']","['ASTEC.BO', 'ASTEC LIFESCIENCES LIMITED', 'Chemicals - Major Diversified', 'Quote']"
"['AVIVA.BO', 'AVIVA INDUSTRIES LTD.', 'Chemicals - Major Diversified', 'Quote']","['ACET', 'Aceto Corporation', 'Chemicals - Major Diversified', 'Quote , Chart , News , Research , SEC , Msgs , Insider , Financials , Analyst Ratings']","['APD', 'Air Products and Chemicals, Inc', 'Chemicals - Major Diversified', 'Quote , Chart , News , Research , SEC , Msgs , Insider , Financials , Analyst Ratings']","['ARG', 'Airgas, Inc.', 'Chemicals - Major Diversified', 'Quote , Chart , News , Research , SEC , Msgs , Insider , Analyst Ratings']","['MF5.SI', 'Anchun Intl', 'Chemicals - Major Diversified', 'Quote , Research']","['ASH', 'Ashland Global Holdings Inc. Co', 'Chemicals - Major Diversified', 'Quote , Chart , Research , Msgs , Insider , Analyst Ratings']","['BASF.MI', 'BASF', 'Chemicals - Major Diversified', 'Quote']","['BASF.NS', 'BASF INDIA LIMITED', 'Chemicals - Major Diversified', 'Quote , Chart']","['BASF.BO', 'BASF INDIA LTD.', 'Chemicals - Major Diversified', 'Quote , Chart']","['BAS.DE', 'BASF N', 'Chemicals - Major Diversified', 'Quote , News']","['BFA.L', 'BASF SE BASF SE REG SHS', 'Chemicals - Major Diversified', 'Quote']","['BASA.DE', 'BASF SE SP ADR', 'Chemicals - Major Diversified', 'Quote , News']","['BHAGGAS.BO', 'BHAGAWATI GAS LIMITED', 'Chemicals - Major Diversified', 'Quote']","['BEPL.BO', 'BHANSALI ENGINEERING POLYMERS', 'Chemicals - Major Diversified', 'Quote']","['BEPL.NS', 'BHANSALI ENGINEERING POLYMERS L', 'Chemicals - Major Diversified', 'Quote , Research']","['BIOAF', 'BIOASIS TECHNOLOGIES', 'Chemicals - Major Diversified', 'Quote']","['BOE.MI', 'BOERO BARTOLOMEO', 'Chemicals - Major Diversified', 'Quote , News , Research']","['BOMOXY-B1.BO', 'BOMBAY OXYGEN CORPORATION LTD.', 'Chemicals - Major Diversified', 'Quote']","['BCPC', 'Balchem Corporation', 'Chemicals - Major Diversified', 'Quote , Research , Insider , Financials , Analyst Ratings']"
"['BAK', 'Braskem SA ADR', 'Chemicals - Major Diversified', 'Quote , Chart , Research , Msgs , Financials']","['0362.HK', 'C ZENITH CHEM', 'Chemicals - Major Diversified', 'Quote , Chart']","['CAMPHOR.BO', 'CAMPHOR & ALLIED PRODUCTS LTD.', 'Chemicals - Major Diversified', 'Quote , Research']","['CAMB.BR', 'CAMPINE', 'Chemicals - Major Diversified', 'Quote , Chart']","['CARC.BA', 'CARBOCLOR S.A. ARS1', 'Chemicals - Major Diversified', 'Quote , Chart , Research']","['CERP', 'CEREPLAST INC', 'Chemicals - Major Diversified', 'Quote']","['1718.TW', 'CHINA MANMADE FBRS TWD10', 'Chemicals - Major Diversified', 'Quote , Chart , News , Research']","['1723.TW', 'CHINA STEEL CHEM TWD10', 'Chemicals - Major Diversified', 'Quote , Chart , Research']","['2104.TW', 'CHINA SYNTH RUBBER TWD10', 'Chemicals - Major Diversified', 'Quote , Chart , Research']","['CDXC', 'CHROMADEX CORP', 'Chemicals - Major Diversified', 'Quote , Research , Insider , Financials']","['1727.TW', 'CHUNG HWA CHEMICAL TWD10', 'Chemicals - Major Diversified', 'Quote , Chart , Research']","['CYDSASAA.MX', 'CYDSA-A', 'Chemicals - Major Diversified', 'Quote , Chart']","['CE', 'Celanese Corporation Celanese C', 'Chemicals - Major Diversified', 'Quote , News , Research , Msgs , Insider , Financials , Analyst Ratings']","['C05.SI', 'Chemical Ind', 'Chemicals - Major Diversified', 'Quote , Chart , Research']","['CDTID', 'Clean Diesel Technologies, Inc.', 'Chemicals - Major Diversified', 'Quote']","['DCW.NS', 'DCW LIMITED', 'Chemicals - Major Diversified', 'Quote']","['DCW.BO', 'DCW LTD.', 'Chemicals - Major Diversified', 'Quote']","['DEEPAKNI.BO', 'DEEPAK NITRITE LTD.', 'Chemicals - Major Diversified', 'Quote']","['DHARAMSI.BO', 'DHARAMSI MORARJI CHEMICAL CO.L', 'Chemicals - Major Diversified', 'Quote']"
"['DIAMINESQ.BO', 'DIAMINES & CHEMICALS LTD.', 'Chemicals - Major Diversified', 'Quote']","['DICIND.NS', 'DIC INDIA LIMITED', 'Chemicals - Major Diversified', 'Quote']","['DOW.MX', 'DOW CHEMICAL', 'Chemicals - Major Diversified', 'Quote , News']","['DCH1.DE', 'DOW CHEMICAL', 'Chemicals - Major Diversified', 'Quote']","['DOWB34F.SA', 'DOW CHEMICALDRN', 'Chemicals - Major Diversified', 'Quote']","['DOWB34.SA', 'DOW CHEMICALDRN ED', 'Chemicals - Major Diversified', 'Quote']","['DOW', 'Dow Chemical Company (The) Comm', 'Chemicals - Major Diversified', 'Quote , Chart , Research , SEC , Msgs , Insider , Financials , Analyst Ratings']","['D6U.SI', 'Dynamic Colours', 'Chemicals - Major Diversified', 'Quote , Research']","['2341.HK', 'ECOGREEN', 'Chemicals - Major Diversified', 'Quote , Chart , Research']","['ELLENBARR.BO', 'ELLENBARRIE INDUSTRIAL GASES L', 'Chemicals - Major Diversified', 'Quote']","['ELTON.AT', 'ELTON', 'Chemicals - Major Diversified', 'Quote']","['ENRT.L', 'ENVIRONMENTAL RECYCLING TECH. P', 'Chemicals - Major Diversified', 'Quote , Research']","['1717.TW', 'ETERNAL MATERIALS TWD10', 'Chemicals - Major Diversified', 'Quote , Chart , Research']","['1711.TW', 'EVERLIGHT CHEMICAL TWD10', 'Chemicals - Major Diversified', 'Quote , Chart , Research']","['1735.TW', 'EVERMORE CHEMICAL TWD10', 'Chemicals - Major Diversified', 'Quote , Chart']","['EPCP.PA', 'EXPLOS.PROD.CHI.PF', 'Chemicals - Major Diversified', 'Quote']","['EXPL.PA', 'EXPLOSIFS PROD.CHI', 'Chemicals - Major Diversified', 'Quote']","['EMN', 'Eastman Chemical Company Common', 'Chemicals - Major Diversified', 'Quote , Chart , Research , SEC , Msgs , Insider , Financials , Analyst Ratings']","['FISCHER.BO', 'FISCHER CHEMIC LTD.', 'Chemicals - Major Diversified', 'Quote']"
"['1326.TW', 'FORMOSA CHEM&FIBRE TWD10', 'Chemicals - Major Diversified', 'Quote , Chart , News , Research']","['1301.TW', 'FORMOSA PLASTIC TWD10', 'Chemicals - Major Diversified', 'Quote , Chart , News , Research']","['1709.TW', 'FORMOSAN UNION CHE TWD10', 'Chemicals - Major Diversified', 'Quote , Chart , Research']","['FOSECOIND.NS', 'FOSECO INDIA LIMITED', 'Chemicals - Major Diversified', 'Quote']","['FPE.DE', 'FUCHS PETROLUB', 'Chemicals - Major Diversified', 'Quote , News']","['FPE3.DE', 'FUCHS PETROLUB VZ', 'Chemicals - Major Diversified', 'Quote']","['0546.HK', 'FUFENG GROUP', 'Chemicals - Major Diversified', 'Quote']","['FF', 'FutureFuel Corp. Common shares', 'Chemicals - Major Diversified', 'Quote , Chart , News , Research , Msgs , Insider , Financials , Analyst Ratings']","['GAYATRIBI.BO', 'GAYATRI BIOORGANICS LTD.', 'Chemicals - Major Diversified', 'Quote']","['GHCL.NS', 'GHCL LIMITED', 'Chemicals - Major Diversified', 'Quote']","['GHCL.BO', 'GHCL LTD.', 'Chemicals - Major Diversified', 'Quote']","['GODREJIND.NS', 'GODREJ INDUSTRIES LIMITED', 'Chemicals - Major Diversified', 'Quote , News']","['GODREJIND.BO', 'GODREJ INDUSTRIES LTD.', 'Chemicals - Major Diversified', 'Quote']","['1312.TW', 'GRAND PACIF PETROC TWD10', 'Chemicals - Major Diversified', 'Quote , Chart , Research']","['POCHTECB.MX', 'GRUPO POCHTECA-B', 'Chemicals - Major Diversified', 'Quote , News']","['GUJALKALI.BO', 'GUJARAT ALKALIES & CHEMICALS L', 'Chemicals - Major Diversified', 'Quote']","['GUJALKALI.NS', 'GUJARAT ALKALIES AND CHEMICALS', 'Chemicals - Major Diversified', 'Quote']","['GUJFLUORO.NS', 'GUJARAT FLUOROCHEMICALS LIMITED', 'Chemicals - Major Diversified', 'Quote']","['GUJFLUORO.BO', 'GUJARAT FLUOROCHEMICALS LTD.', 'Chemicals - Major Diversified', 'Quote']"
"['GSFC.NS', 'GUJARAT STATE FERTILIZERS & CHE', 'Chemicals - Major Diversified', 'Quote , Chart , News']","['GULPOLY.NS', 'GULSHAN POLYOLS LT INR5', 'Chemicals - Major Diversified', 'Quote']","['GULPOLY.BO', 'GULSHAN POLYOLS LTD.', 'Chemicals - Major Diversified', 'Quote']","['GEVO', 'Gevo, Inc.', 'Chemicals - Major Diversified', 'Quote , Research , Insider , Financials , Analyst Ratings']","['HAIK.L', 'HAIKE CHEMICAL GROUP LTD ORD US', 'Chemicals - Major Diversified', 'Quote , Research']","['HALO.L', 'HALOSOURCE INC. COM SHS NPV (DI', 'Chemicals - Major Diversified', 'Quote']","['HAL.L', 'HALOSOURCE INC. COM SHS NPV (DI', 'Chemicals - Major Diversified', 'Quote']","['HDD.L', 'HARDIDE PLC ORD 0.1P', 'Chemicals - Major Diversified', 'Quote']","['HIKAL.NS', 'HIKAL LIMITED', 'Chemicals - Major Diversified', 'Quote']","['HIKAL.BO', 'HIKAL LTD.', 'Chemicals - Major Diversified', 'Quote']","['HINFLUR.BO', 'HINDUSTAN FLUOROCARBONS LTD.', 'Chemicals - Major Diversified', 'Quote']","['HOCL.NS', 'HINDUSTAN ORGANIC CHEMICALS LIM', 'Chemicals - Major Diversified', 'Quote , Chart , News , Research']","['1714.TW', 'HO TUNG CHEMICAL TWD10', 'Chemicals - Major Diversified', 'Quote , Chart , Research']","['0336.HK', 'HUABAO INTL', 'Chemicals - Major Diversified', 'Quote , Chart , Research']","['HUN', 'Huntsman Corporation Common Sto', 'Chemicals - Major Diversified', 'Quote , Research , Msgs , Insider , Financials , Analyst Ratings']","['INDOAMIN.BO', 'INDO AMINES LTD.', 'Chemicals - Major Diversified', 'Quote']","['INDOBORAX.BO', 'INDO BORAX & CHEMICALS LTD.', 'Chemicals - Major Diversified', 'Quote']","['INSILCO.BO', 'INSILCO LTD.', 'Chemicals - Major Diversified', 'Quote']","['IEVM', 'INTEGRATED ENVIRONMT', 'Chemicals - Major Diversified', 'Quote']"
"['JAENE', 'JA ENERGY', 'Chemicals - Major Diversified', 'Quote']","['JAYCH.BO', 'JAYSHREE CHEMICALS LTD.', 'Chemicals - Major Diversified', 'Quote']","['JOCIL.NS', 'JOCIL LTD INR10', 'Chemicals - Major Diversified', 'Quote , Research']","['URKA.L', 'JSC URALKALI GDR(EACH REPR 5 OR', 'Chemicals - Major Diversified', 'Quote , News , Research']","['C8R.SI', 'Jiutian Chemical', 'Chemicals - Major Diversified', 'Quote , Research']","['SDF.DE', 'K+S N', 'Chemicals - Major Diversified', 'Quote , News']","['KANSAINER.NS', 'KANSAI NEROLAC PAI INR1', 'Chemicals - Major Diversified', 'Quote']","['KESARPE.BO', 'KESAR PETROPRODUCTS LTD.', 'Chemicals - Major Diversified', 'Quote']","['0148.HK', 'KINGBOARD CHEM', 'Chemicals - Major Diversified', 'Quote , Chart , Research']","['0827.HK', 'KO YO GROUP', 'Chemicals - Major Diversified', 'Quote , Research']","['LAFFANSQ.BO', 'LAFFANS PETROCHEMICALS LTD.', 'Chemicals - Major Diversified', 'Quote']","['0582.HK', 'LANDING INTL', 'Chemicals - Major Diversified', 'Quote , Chart , Research']","['1704.TW', 'LCY CHEMICAL CORP TWD10', 'Chemicals - Major Diversified', 'Quote , Chart , News , Research']","['LIN.DE', 'LINDE', 'Chemicals - Major Diversified', 'Quote , News']","['LIN1.DE', 'LINDE SP ADR', 'Chemicals - Major Diversified', 'Quote']","['LINKPH.BO', 'LINK PHARMA CHEM LTD.', 'Chemicals - Major Diversified', 'Quote']","['LORDSCHLO.BO', 'LORDS CHLORO ALKALI LTD.', 'Chemicals - Major Diversified', 'Quote']","['LXU', 'LSB Industries, Inc. Common Sto', 'Chemicals - Major Diversified', 'Quote , Research , Insider , Financials , Analyst Ratings']","['METEX.PA', 'METABOLIC EXPLORER', 'Chemicals - Major Diversified', 'Quote']"
"['MEIL', 'METHES ENERGIES IN COM USD0.001', 'Chemicals - Major Diversified', 'Quote']","['MEXCHEM.MX', 'MEXICHEM', 'Chemicals - Major Diversified', 'Quote , News']","['MULTIBASE.BO', 'MULTIBASE INDIA LTD.', 'Chemicals - Major Diversified', 'Quote']","['MTX', 'Minerals Technologies Inc. Comm', 'Chemicals - Major Diversified', 'Quote , Chart , News , Research , SEC , Msgs , Insider , Financials , Analyst Ratings']","['NTG.DE', 'NABALTEC', 'Chemicals - Major Diversified', 'Quote']","['1303.TW', 'NAN YA PLASTIC TWD10', 'Chemicals - Major Diversified', 'Quote , Chart , News , Research']","['NANX', 'NANOPHASE TECH CORP', 'Chemicals - Major Diversified', 'Quote']","['NATPEROX.BO', 'NATIONAL PEROXIDE LTD.', 'Chemicals - Major Diversified', 'Quote']","['8329.HK', 'NEP INTERLONG', 'Chemicals - Major Diversified', 'Quote , News']","['NOCIL.NS', 'NOCIL LIMITED', 'Chemicals - Major Diversified', 'Quote']","['NOCIL.BO', 'NOCIL LTD.', 'Chemicals - Major Diversified', 'Quote']","['MLQUD.PA', 'NOVAMEX', 'Chemicals - Major Diversified', 'Quote']","['NPX.AX', 'NUPLEX FPO NZ', 'Chemicals - Major Diversified', 'Quote , Chart']","['NPX.NZ', 'Nuplex Industries Limited Ordin', 'Chemicals - Major Diversified', 'Quote , Chart']","['OCIP', 'OCI Partners LP Common Units re', 'Chemicals - Major Diversified', 'Quote , Research , Insider , Financials']","['ORIENTCQ.BO', 'ORIENTAL CARBON & CHEMICALS LT', 'Chemicals - Major Diversified', 'Quote']","['1710.TW', 'ORIENTAL UNION CHM TWD10', 'Chemicals - Major Diversified', 'Quote , Chart , Research']","['OOIL', 'ORIGINOIL, INC.', 'Chemicals - Major Diversified', 'Quote']","['PCA.PA', 'PCAS', 'Chemicals - Major Diversified', 'Quote , News']"
"['PHC.L', 'PLANT HEALTH CARE PLC ORD 1P', 'Chemicals - Major Diversified', 'Quote , Chart']","['PWNCA.AX', 'POTASH WES CTG', 'Chemicals - Major Diversified', 'Quote']","['PWN.AX', 'POTASH WES FPO', 'Chemicals - Major Diversified', 'Quote , Research']","['PRATIKSH.BO', 'PRATIKSHA CHEMICALS LTD.', 'Chemicals - Major Diversified', 'Quote']","['PRESSURS.BO', 'PRESSURE SENSITIVE SYSTEMS (IN', 'Chemicals - Major Diversified', 'Quote']","['PACL.BO', 'PUNJAB ALKALIES & CHEMICALS LT', 'Chemicals - Major Diversified', 'Quote , Research']","['PURE', 'PURE BIOSCIENCE, INC', 'Chemicals - Major Diversified', 'Quote']","['PX', 'Praxair, Inc. Common Stock', 'Chemicals - Major Diversified', 'Quote , Chart , Research , SEC , Msgs , Insider , Financials , Analyst Ratings']","['0549.HK', 'QIFENG FIBER', 'Chemicals - Major Diversified', 'Quote , Research']","['RAIN.BO', 'RAIN INDUSTRIES LIMITED', 'Chemicals - Major Diversified', 'Quote']","['REC.BR', 'RECTICEL', 'Chemicals - Major Diversified', 'Quote , News , Research']","['REFEX.NS', 'REFEX INDUSTRIES L INR10', 'Chemicals - Major Diversified', 'Quote']","['REFEX.BO', 'REFEX INDUSTRIES LTD.', 'Chemicals - Major Diversified', 'Quote']","['REFNOL.BO', 'REFNOL RESINS & CHEMICALS LTD.', 'Chemicals - Major Diversified', 'Quote']","['RWFC', 'RENEWABLE FUEL', 'Chemicals - Major Diversified', 'Quote']","['RWFCE', 'RENEWABLE FUEL', 'Chemicals - Major Diversified', 'Quote']","['RESONANCE.BO', 'RESONANCE SPECIALTIES LTD.', 'Chemicals - Major Diversified', 'Quote']","['RITESHIN.BO', 'RITESH INTERNATIONAL LTD.', 'Chemicals - Major Diversified', 'Quote']","['RBT.PA', 'ROBERTET', 'Chemicals - Major Diversified', 'Quote']"
"['ROOPAIND.BO', 'ROOPA INDUSTRIES LTD.', 'Chemicals - Major Diversified', 'Quote']","['RO5K.DE', 'ROPAL EUROPE', 'Chemicals - Major Diversified', 'Quote']","['RYAM', 'Rayonier Advanced Materials Inc', 'Chemicals - Major Diversified', 'Quote , Research , Insider , Financials']","['SECHE.BO', 'SECUNDERABAD HEALTHCARE LTD.', 'Chemicals - Major Diversified', 'Quote']","['1708.TW', 'SESODA CORPN TWD10', 'Chemicals - Major Diversified', 'Quote , Chart , Research']","['SGL.DE', 'SGL CARBON', 'Chemicals - Major Diversified', 'Quote , News']","['SHALPAINTS.NS', 'SHALIMAR PAINTS INR2', 'Chemicals - Major Diversified', 'Quote']","['SHAMROIN.BO', 'SHAMROCK INDUSTRIAL CO.LTD.', 'Chemicals - Major Diversified', 'Quote']","['1773.TW', 'SHINY CHEMICAL IND TWD10', 'Chemicals - Major Diversified', 'Quote , Research']","['1712.TW', 'SINON CORP TWD10', 'Chemicals - Major Diversified', 'Quote , Chart , Research']","['1033.HK', 'SINOPEC SSC', 'Chemicals - Major Diversified', 'Quote , Chart , Research']","['SK1A.DE', 'SKW STAHL-MET N', 'Chemicals - Major Diversified', 'Quote , News']","['0395.HK', 'SMARTAC GP CH', 'Chemicals - Major Diversified', 'Quote , Chart']","['QYM.DE', 'SOC QUIM&MIN SP ADR', 'Chemicals - Major Diversified', 'Quote']","['SOL.MI', 'SOL', 'Chemicals - Major Diversified', 'Quote , Chart , News']","['SOLV.BR', 'SOLVAC NOM(RETAIL)', 'Chemicals - Major Diversified', 'Quote , News , Research']","['SOLB.BR', 'SOLVAY', 'Chemicals - Major Diversified', 'Quote , News , Research']","['INDU.BA', 'SOLVAY INDUPA SAIC ARS1', 'Chemicals - Major Diversified', 'Quote']","['SREERAYA.BO', 'SREE RAYALASEEMA ALKALIES & AL', 'Chemicals - Major Diversified', 'Quote']"
"['SUNITEE.BO', 'SUNITEE CHEMICALS LTD.', 'Chemicals - Major Diversified', 'Quote']","['1721.TW', 'SUNKO INK CO TWD10', 'Chemicals - Major Diversified', 'Quote , Chart']","['SUPPETRO.NS', 'SUPREME PETROCHEM LIMITED', 'Chemicals - Major Diversified', 'Quote , News']","['SVCSUPE.BO', 'SVC SUPERCHEM LTD.', 'Chemicals - Major Diversified', 'Quote , Research']","['SQM', 'Sociedad Quimica y Minera S.A.', 'Chemicals - Major Diversified', 'Quote , Chart , Research , Msgs , Financials']","['A7S.SI', 'SunVic Chemical', 'Chemicals - Major Diversified', 'Quote , Research']","['4725.TW', 'TAIWAN PROSPERITY TWD10', 'Chemicals - Major Diversified', 'Quote , Research']","['1310.TW', 'TAIWAN STYRENE MON TWD10', 'Chemicals - Major Diversified', 'Quote , Chart , Research']","['TNPETRO.NS', 'TAMILNADU PETROPRODUCTS LIMITED', 'Chemicals - Major Diversified', 'Quote , Research']","['TNPETRO.BO', 'TAMILNADU PETROPRODUCTS LTD.', 'Chemicals - Major Diversified', 'Quote']","['TATACHEM.NS', 'TATA CHEMICALS LIMITED', 'Chemicals - Major Diversified', 'Quote , News']","['TATACHEM.BO', 'TATA CHEMICALS LTD.', 'Chemicals - Major Diversified', 'Quote']","['TAUR-B.ST', 'TAURUS ENERGY -B-', 'Chemicals - Major Diversified', 'Quote']","['TCMLMTD.BO', 'TCM LTD.', 'Chemicals - Major Diversified', 'Quote']","['TESB.BR', 'TESSENDERLO', 'Chemicals - Major Diversified', 'Quote , News , Research']","['0609.HK', 'TIANDE CHEMICAL', 'Chemicals - Major Diversified', 'Quote , Research']","['1724.TW', 'TNC INDUSTRIAL TWD10', 'Chemicals - Major Diversified', 'Quote , Chart']","['TRANSPEK.BO', 'TRANSPEK INDUSTRY LTD.', 'Chemicals - Major Diversified', 'Quote']","['TET.L', 'TREATT PLC ORD 2P', 'Chemicals - Major Diversified', 'Quote , Chart , News']"
"['TROX', 'Tronox Limited Ordinary Shares', 'Chemicals - Major Diversified', 'Quote , Research , Insider , Financials , Analyst Ratings']","['ULTRAMAR.BO', 'ULTRAMARINE & PIGMENTS LTD.', 'Chemicals - Major Diversified', 'Quote']","['UNIENTER.NS', 'UNIPHOS ENTERPRISES LIMITED', 'Chemicals - Major Diversified', 'Quote']","['UNIPHOS.BO', 'UNIPHOS ENTERPRISES LTD.', 'Chemicals - Major Diversified', 'Quote']","['UNIVSTAR.BO', 'UNIVERSAL STARCH-CHEM ALLIED L', 'Chemicals - Major Diversified', 'Quote']","['1313.TW', 'UPC TECHNOLOGY CO TWD10', 'Chemicals - Major Diversified', 'Quote , Chart , Research']","['UNVR', 'Univar Inc. Common Stock', 'Chemicals - Major Diversified', 'Quote , Research , Insider , Financials']","['VERITAS.BO', 'VERITAS (INDIA) LTD.', 'Chemicals - Major Diversified', 'Quote']","['VIKASGRAN.BO', 'VIKAS GRANARIES LTD.', 'Chemicals - Major Diversified', 'Quote']","['VIVIDIND.BO', 'VIVID GLOBAL INDUSTRIES LTD.', 'Chemicals - Major Diversified', 'Quote']","['VHI', 'Valhi, Inc. Common Stock', 'Chemicals - Major Diversified', 'Quote , Chart , News , Research , SEC , Msgs , Insider , Financials']","['WCH.DE', 'WACKER CHEMIE', 'Chemicals - Major Diversified', 'Quote , News']","['WLKP', 'Westlake Chemical Partners LP C', 'Chemicals - Major Diversified', 'Quote , Research , Financials']","['0868.HK', 'XINYI GLASS', 'Chemicals - Major Diversified', 'Quote , Research']","['YAR.OL', 'YARA INTERNATIONAL', 'Chemicals - Major Diversified', 'Quote , Chart , News , Research']","['IU2.DE', 'YARA INTERNATIONAL', 'Chemicals - Major Diversified', 'Quote']","['2168.HK', 'YINGDE GASES', 'Chemicals - Major Diversified', 'Quote , Chart , News , Research']","['0408.HK', ""YIP'S CHEMICAL"", 'Chemicals - Major Diversified', 'Quote , Chart , Research']","['1725.TW', 'YUAN JEN ENTERPRIS TWD10', 'Chemicals - Major Diversified', 'Quote , Chart , Research']"
"['ACUS', 'ACUSPHERE INC', 'Drug Manufacturers - Other', 'Quote']","['AOLS', 'AEOLUS PHARMACEUTICL', 'Drug Manufacturers - Other', 'Quote']","['ALXA', 'ALEXZA PHARMACEUTI COM USD0.000', 'Drug Manufacturers - Other', 'Quote , Research , Msgs , Insider , Analyst Ratings']","['ARYX', 'ARYX THERAPEUTICS, I', 'Drug Manufacturers - Other', 'Quote']","['AHRO', 'ATHERONOVA INC', 'Drug Manufacturers - Other', 'Quote']","['AGN', 'Allergan plc Ordinary Shares', 'Drug Manufacturers - Other', 'Quote , Chart , Research , Msgs , Insider , Financials , Analyst Ratings']","['AMRN', 'Amarin Corporation plc', 'Drug Manufacturers - Other', 'Quote , Chart , News , Research , Msgs , Insider , Financials']","['AMPH', 'Amphastar Pharmaceuticals, Inc.', 'Drug Manufacturers - Other', 'Quote , Chart , News , Research , Msgs , Insider , Financials']","['APRI', 'Apricus Biosciences, Inc', 'Drug Manufacturers - Other', 'Quote , Research , Insider , Financials , Analyst Ratings']","['BIOD', 'Biodel Inc.', 'Drug Manufacturers - Other', 'Quote , Research , Insider , Financials , Analyst Ratings']","['CRME', 'Cardiome Pharma Corporation', 'Drug Manufacturers - Other', 'Quote , Chart , Research , Msgs , Financials , Analyst Ratings']","['CPIX', 'Cumberland Pharmaceuticals Inc.', 'Drug Manufacturers - Other', 'Quote , Research , Insider , Financials , Analyst Ratings']","['DRRX', 'DURECT Corporation', 'Drug Manufacturers - Other', 'Quote , Chart , News , Research , SEC , Msgs , Insider , Financials , Analyst Ratings']","['DEPO', 'Depomed, Inc.', 'Drug Manufacturers - Other', 'Quote , Chart , News , Research , Msgs , Insider , Financials , Analyst Ratings']","['RDY', ""Dr. Reddy's Laboratories Ltd Co"", 'Drug Manufacturers - Other', 'Quote , Chart , Research , Msgs , Financials']","['ELTP', 'ELITE PHARMA INC', 'Drug Manufacturers - Other', 'Quote']","['ENDP', 'Endo International plc', 'Drug Manufacturers - Other', 'Quote , Chart , News , Research , Msgs , Insider , Financials , Analyst Ratings']","['HRBR', 'HARBOR DIVERSIFIED', 'Drug Manufacturers - Other', 'Quote']","['ISIS', 'Ionis Pharmaceuticals, Inc', 'Drug Manufacturers - Other', 'Quote , Chart , News , Msgs , Insider , Analyst Ratings']"
"['MEIP', 'MEI Pharma, Inc.', 'Drug Manufacturers - Other', 'Quote , Research , Insider , Financials , Analyst Ratings']","['NGSX', 'NEUROGESX, INC.', 'Drug Manufacturers - Other', 'Quote']","['NGSXE', 'NEUROGESX, INC.', 'Drug Manufacturers - Other', 'Quote']","['NUIN', 'NUTRASTAR INTL INC.', 'Drug Manufacturers - Other', 'Quote']","['NVO', 'Novo Nordisk A/S Common Stock', 'Drug Manufacturers - Other', 'Quote , Chart , News , Research , Msgs , Financials']","['OREX', 'Orexigen Therapeutics, Inc.', 'Drug Manufacturers - Other', 'Quote , Research , Insider , Financials , Analyst Ratings']","['ACCP', 'PLASMATECH BIOPHR CM', 'Drug Manufacturers - Other', 'Quote']","['PRTXD', 'PROTALEX INC', 'Drug Manufacturers - Other', 'Quote']","['PRTX', 'PROTALEX INC', 'Drug Manufacturers - Other', 'Quote']","['PMBS', 'PURAMED BIOSCIENCE', 'Drug Manufacturers - Other', 'Quote']","['PMBSE', 'PURAMED BIOSCIENCE', 'Drug Manufacturers - Other', 'Quote']","['PTX', 'Pernix Therapeutics Holdings, I', 'Drug Manufacturers - Other', 'Quote , Research , Insider , Financials , Analyst Ratings']","['POZN', 'Pozen, Inc.', 'Drug Manufacturers - Other', 'Quote , Chart , News , SEC , Msgs , Insider , Analyst Ratings']","['RGRX', 'REGENERX BIOPHARM IN', 'Drug Manufacturers - Other', 'Quote']","['SCLN', 'SciClone Pharmaceuticals, Inc.', 'Drug Manufacturers - Other', 'Quote , Chart , News , Research , SEC , Msgs , Insider , Financials , Analyst Ratings']","['SCMP', 'Sucampo Pharmaceuticals, Inc.', 'Drug Manufacturers - Other', 'Quote , Research , Insider , Financials , Analyst Ratings']","['SGYP', 'Synergy Pharmaceuticals, Inc.', 'Drug Manufacturers - Other', 'Quote , Research , Insider , Financials , Analyst Ratings']","['SGYPD', 'Synergy Pharmaceuticals, Inc.', 'Drug Manufacturers - Other', 'Quote']","['TARO', 'Taro Pharmaceutical Industries', 'Drug Manufacturers - Other', 'Quote , Research , Financials']"
"['TPI', 'Tianyin Pharmaceutical Co., Inc', 'Drug Manufacturers - Other', 'Quote , Chart , Insider']","['UGNE', 'UNIGENE LABS INC', 'Drug Manufacturers - Other', 'Quote']"
"['AMAG', 'AMAG Pharmaceuticals, Inc.', 'Diagnostic Substances', 'Quote , Research , Msgs , Insider , Financials , Analyst Ratings']","['ATOS', 'Atossa Genetics Inc.', 'Diagnostic Substances', 'Quote , Research , Insider , Financials']","['BZYR', 'BURZYNSKI RESEARCH', 'Diagnostic Substances', 'Quote']","['CNSO', 'CNS RESPONSE CMN', 'Diagnostic Substances', 'Quote']","['CONX', 'CORGENIX MED CORP', 'Diagnostic Substances', 'Quote']","['CEMI', 'Chembio Diagnostics, Inc.', 'Diagnostic Substances', 'Quote , Research , Insider , Financials , Analyst Ratings']","['CEMID', 'Chembio Diagnostics, Inc.', 'Diagnostic Substances', 'Quote']","['IDXX', 'IDEXX Laboratories, Inc.', 'Diagnostic Substances', 'Quote , Chart , News , Research , SEC , Msgs , Insider , Financials , Analyst Ratings']","['INOL', 'INOLIFE TECHNOLOGIES', 'Diagnostic Substances', 'Quote']","['VIVO', 'Meridian Bioscience Inc.', 'Diagnostic Substances', 'Quote , Chart , News , Research , SEC , Msgs , Insider , Financials , Analyst Ratings']","['NEOG', 'Neogen Corporation', 'Diagnostic Substances', 'Quote , Chart , News , Research , SEC , Msgs , Insider , Financials , Analyst Ratings']","['NYMX', 'Nymox Pharmaceutical Corporatio', 'Diagnostic Substances', 'Quote , Chart , News , Research , Msgs , Insider , Financials , Analyst Ratings']","['OXFD', 'Oxford Immunotec Global PLC', 'Diagnostic Substances', 'Quote , Research , Insider , Financials']","['QDEL', 'Quidel Corporation', 'Diagnostic Substances', 'Quote , Chart , News , Research , SEC , Msgs , Insider , Financials , Analyst Ratings']","['RCLL', 'REGENOCELL THERAPEUT', 'Diagnostic Substances', 'Quote']","['SGUI', 'SANGUINE CORP', 'Diagnostic Substances', 'Quote']","['SCRA', 'SECUREALERT, INC', 'Diagnostic Substances', 'Quote']","['SCRAD', 'SECUREALERT, INC', 'Diagnostic Substances', 'Quote']","['SRDX', 'Surmodics, Inc.', 'Diagnostic Substances', 'Quote , Chart , News , Research , SEC , Msgs , Insider , Financials , Analyst Ratings']"
"['APPY', 'Venaxis, Inc.', 'Diagnostic Substances', 'Quote , Research , Insider , Financials , Analyst Ratings']","['APPYD', 'Venaxis, Inc.', 'Diagnostic Substances', 'Quote']"
"['AB.PA', 'AB SCIENCE', 'Drug Manufacturers - Major', 'Quote , News']","['ABBV.PA', 'ABBVIE', 'Drug Manufacturers - Major', 'Quote']","['TRL.TO', 'ACERUS PHARMACEUTICALS CORPORAT', 'Drug Manufacturers - Major', 'Quote , News']","['ALBERTDA.BO', 'ALBERT DAVID LTD.', 'Drug Manufacturers - Major', 'Quote']","['AGY.L', 'ALLERGY THERAPEUTICS PLC ORD 0.', 'Drug Manufacturers - Major', 'Quote , News']","['AHS.V', 'ALTA NATURAL HERBS AND SUPPLEME', 'Drug Manufacturers - Major', 'Quote , Chart']","['AMBALALSA.BO', 'AMBALAL SARABHAI ENTERPRISES L', 'Drug Manufacturers - Major', 'Quote']","['ANP.AX', 'ANTISENSE FPO', 'Drug Manufacturers - Major', 'Quote , Chart , Research']","['ANUHPHR.BO', 'ANUH PHARMA LTD.', 'Drug Manufacturers - Major', 'Quote']","['ANULABS.BO', 'ANUS LABORATORIES LTD.', 'Drug Manufacturers - Major', 'Quote']","['AZN.V', 'ARCTURUS VENTURES INC', 'Drug Manufacturers - Major', 'Quote , Chart']","['ARVINDREM.NS', 'ARVIND REMEDIES INR10', 'Drug Manufacturers - Major', 'Quote']","['ARVINDREM.BO', 'ARVIND REMEDIES LTD.', 'Drug Manufacturers - Major', 'Quote']","['AZN.ST', 'ASTRAZENECA', 'Drug Manufacturers - Major', 'Quote , Chart , News , Research']","['ZEG.DE', 'ASTRAZENECA', 'Drug Manufacturers - Major', 'Quote , News']","['AZN.BA', 'ASTRAZENECA CEDEAR EACH REP 0.5', 'Drug Manufacturers - Major', 'Quote , Chart , News']","['ASTRAZEN.BO', 'ASTRAZENECA PHARMA INDIA LTD.', 'Drug Manufacturers - Major', 'Quote']","['AZN.L', 'ASTRAZENECA PLC ORD SHS $0.25', 'Drug Manufacturers - Major', 'Quote , Chart , News']","['AZNN.MX', 'ASTRAZENECA SP ADS', 'Drug Manufacturers - Major', 'Quote , Chart , News']"
"['AUROLAB.BO', 'AURO LABORATORIES LTD.', 'Drug Manufacturers - Major', 'Quote']","['AUROPHARMA.NS', 'AUROBINDO PHARMA LIMITED', 'Drug Manufacturers - Major', 'Quote']","['VIV.V', 'AVIVAGEN INC', 'Drug Manufacturers - Major', 'Quote']","['ABBV', 'AbbVie Inc. Common Stock', 'Drug Manufacturers - Major', 'Quote , Research , Insider , Financials']","['AERI', 'Aerie Pharmaceuticals, Inc.', 'Drug Manufacturers - Major', 'Quote , Research , Insider , Financials']","['ALIM', 'Alimera Sciences, Inc.', 'Drug Manufacturers - Major', 'Quote , Research , Insider , Financials , Analyst Ratings']","['ALQA', 'Alliqua BioMedical, Inc.', 'Drug Manufacturers - Major', 'Quote , Research , Insider , Financials']","['AXN', 'Aoxing Pharmaceutical Company,', 'Drug Manufacturers - Major', 'Quote , Research , Insider , Financials']","['ASMB', 'Assembly Biosciences, Inc.', 'Drug Manufacturers - Major', 'Quote , Insider , Financials']","['AZN', 'Astrazeneca PLC Common Stock', 'Drug Manufacturers - Major', 'Quote , Chart , Research , Msgs , Financials']","['BAFNAPHARM.NS', 'BAFNA PHARMACEUTIC INR10', 'Drug Manufacturers - Major', 'Quote']","['BAY.MI', 'BAYER', 'Drug Manufacturers - Major', 'Quote']","['BAYN.DE', 'BAYER AG NA O.N.', 'Drug Manufacturers - Major', 'Quote , News']","['BAYA.DE', 'BAYER AG SP ADR', 'Drug Manufacturers - Major', 'Quote , News']","['BDH.BO', 'BDH INDUSTRIES LTD.', 'Drug Manufacturers - Major', 'Quote']","['0926.HK', 'BESUNYEN', 'Drug Manufacturers - Major', 'Quote , Chart , Research']","['BXP.L', 'BEXIMCO PHARMACEUTICALS LIMITED', 'Drug Manufacturers - Major', 'Quote']","['BIOG-B.ST', 'BIOGAIA -B-', 'Drug Manufacturers - Major', 'Quote']","['BNVID', 'BIONOVO INC', 'Drug Manufacturers - Major', 'Quote']"
"['BLISSGVS.NS', 'BLISS GVS PHARMA INR1', 'Drug Manufacturers - Major', 'Quote']","['BLISSGVS.BO', 'BLISS GVS PHARMA LTD.', 'Drug Manufacturers - Major', 'Quote']","['BOI.PA', 'BOIRON', 'Drug Manufacturers - Major', 'Quote , News']","['BRAWN.BO', 'BRAWN BIOTECH LTD.', 'Drug Manufacturers - Major', 'Quote']","['BRM.DE', 'BRISTOL-MYERSSQUIBB', 'Drug Manufacturers - Major', 'Quote , News']","['BMY.MX', 'BRISTOL-MYERSSQUIBB', 'Drug Manufacturers - Major', 'Quote , News']","['BMY.BA', 'BRISTOL-MYRS SQUIB CEDEAR REP 1', 'Drug Manufacturers - Major', 'Quote , News']","['BMYB34.SA', 'BRISTOLMYERSDRN', 'Drug Manufacturers - Major', 'Quote']","['BMYB34F.SA', 'BRISTOLMYERSDRN', 'Drug Manufacturers - Major', 'Quote']","['BROOKS.NS', 'BROOKS LAB LTD INR10', 'Drug Manufacturers - Major', 'Quote , Research']","['BSPM', 'Biostar Pharmaceuticals, Inc.', 'Drug Manufacturers - Major', 'Quote , Research , Financials']","['BMY', 'Bristol-Myers Squibb Company Co', 'Drug Manufacturers - Major', 'Quote , Chart , Research , SEC , Msgs , Insider , Financials , Analyst Ratings']","['8225.HK', 'C HEALTH GP', 'Drug Manufacturers - Major', 'Quote , Chart']","['CAPPL.BO', 'CAPLIN POINT LABORATORIES LTD.', 'Drug Manufacturers - Major', 'Quote']","['CTI.L', 'CATHAY INTERNATIONAL HOLDINGS L', 'Drug Manufacturers - Major', 'Quote , Chart , Research']","['8120.HK', 'CH DEMETER INV', 'Drug Manufacturers - Major', 'Quote , Chart , News , Research']","['CPHB', 'CHINA PHARMAHUB CORP', 'Drug Manufacturers - Major', 'Quote']","['CIPLA.NS', 'CIPLA LIMITED', 'Drug Manufacturers - Major', 'Quote , News']","['CIPLA.BO', 'CIPLA LTD.', 'Drug Manufacturers - Major', 'Quote , News']"
"['COLINZ.BO', 'COLINZ LABORATORIES LTD.', 'Drug Manufacturers - Major', 'Quote']","['1093.HK', 'CSPC PHARMA', 'Drug Manufacturers - Major', 'Quote , Chart , News , Research']","['2348.HK', 'DAWNRAYS PHARMA', 'Drug Manufacturers - Major', 'Quote , Chart , News , Research']","['DPH.L', 'DECHRA PHARMACEUTICALS PLC ORD', 'Drug Manufacturers - Major', 'Quote , Chart , News']","['DESHRAK.BO', 'DESH RAKSHAK AUSHDHALAYA LTD.', 'Drug Manufacturers - Major', 'Quote']","['63PE.L', 'EASTPHARMA LTD GDR (EACH REPR 1', 'Drug Manufacturers - Major', 'Quote']","['ECTE', 'ECHO THERAPEUTICS COM USD0.01', 'Drug Manufacturers - Major', 'Quote']","['EAH.L', 'ECO ANIMAL HEALTH GROUP PLC ORD', 'Drug Manufacturers - Major', 'Quote , News']","['ELDERPHARM.BO', 'ELDER PHARMACEUTICALS LTD.', 'Drug Manufacturers - Major', 'Quote']","['ELDERPG.BO', 'ELDER PROJECTS LTD.', 'Drug Manufacturers - Major', 'Quote']","['LLY.MX', 'ELI LILLY & CO', 'Drug Manufacturers - Major', 'Quote , News']","['LLY.DE', 'ELI LILLY & CO', 'Drug Manufacturers - Major', 'Quote , Chart , News']","['ELGO', 'ENTEROLOGICS INC', 'Drug Manufacturers - Major', 'Quote']","['ALECR.PA', 'EUROFINS CEREP', 'Drug Manufacturers - Major', 'Quote']","['EVO.L', 'EVOCUTIS PLC ORD 0.01P', 'Drug Manufacturers - Major', 'Quote , Research']","['0858.HK', 'EXTRAWELL PHAR', 'Drug Manufacturers - Major', 'Quote , Chart']","['LLY', 'Eli Lilly and Company Common St', 'Drug Manufacturers - Major', 'Quote , Chart , Research , SEC , Msgs , Insider , Financials , Analyst Ratings']","['E02.SI', 'Eu Yan Sang', 'Drug Manufacturers - Major', 'Quote , Chart , News']","['FDC.NS', 'FDC LIMITED', 'Drug Manufacturers - Major', 'Quote , Chart']"
"['MLFER.PA', 'FERCO DEV.', 'Drug Manufacturers - Major', 'Quote , Chart']","['FUM.L', 'FUTURA MEDICAL PLC ORD 0.2P', 'Drug Manufacturers - Major', 'Quote , Chart , News']","['GS7.DE', 'GLAXOSMITHKLINE', 'Drug Manufacturers - Major', 'Quote , News']","['GSKN.MX', 'GLAXOSMITHKLINE ADR', 'Drug Manufacturers - Major', 'Quote , Chart , News']","['GS7A.DE', 'GLAXOSMITHKLINE ADR', 'Drug Manufacturers - Major', 'Quote , News']","['GSK.BA', 'GLAXOSMITHKLINE CEDEAR EACH REP', 'Drug Manufacturers - Major', 'Quote , News']","['GLAXO.NS', 'GLAXOSMITHKLINE PHARMACEUTICALS', 'Drug Manufacturers - Major', 'Quote , News']","['GSK.L', 'GLAXOSMITHKLINE PLC ORD 25P', 'Drug Manufacturers - Major', 'Quote , Chart , News']","['GODAVARI.BO', 'GODAVARI DRUGS LTD.', 'Drug Manufacturers - Major', 'Quote']","['GRANULES.NS', 'GRANULES INDIA LIMITED', 'Drug Manufacturers - Major', 'Quote']","['GRANULES.BO', 'GRANULES INDIA LTD.', 'Drug Manufacturers - Major', 'Quote']","['GUFICBIO.NS', 'GUFIC BIOSCIENCES LIMITED', 'Drug Manufacturers - Major', 'Quote']","['GUFICBIO.BO', 'GUFIC BIOSCIENCES LTD.', 'Drug Manufacturers - Major', 'Quote']","['GUJTHEM.BO', 'GUJARAT THEMIS BIOSYN LTD.', 'Drug Manufacturers - Major', 'Quote']","['GWP.L', 'GW PHARMACEUTICALS PLC ORD 0.1P', 'Drug Manufacturers - Major', 'Quote , Chart , News']","['GWPH', 'GW Pharmaceuticals Plc', 'Drug Manufacturers - Major', 'Quote , Research , Financials']","['GSK', 'GlaxoSmithKline PLC Common Stoc', 'Drug Manufacturers - Major', 'Quote , Chart , Research , Msgs , Financials']","['8019.HK', 'HAO WEN HLDGS', 'Drug Manufacturers - Major', 'Quote , Chart , News']","['HESTERBIO.NS', 'HESTER BIOSCIENCES INR10', 'Drug Manufacturers - Major', 'Quote']"
"['HSTC', 'HST GLOBAL INC', 'Drug Manufacturers - Major', 'Quote']","['HBMK', 'HUBEI MINKANG PHARM', 'Drug Manufacturers - Major', 'Quote']","['HCM.L', 'HUTCHISON CHINA MEDITECH LIMITE', 'Drug Manufacturers - Major', 'Quote , News']","['H02.SI', 'Haw Par', 'Drug Manufacturers - Major', 'Quote , Chart , News , Research']","['HRTX', 'Heron Therapeutics, Inc.', 'Drug Manufacturers - Major', 'Quote , Research , Insider , Financials']","['ICPTF', 'IC POTASH', 'Drug Manufacturers - Major', 'Quote']","['IDT.AX', 'IDT AUST FPO', 'Drug Manufacturers - Major', 'Quote , Chart']","['INDOCO.NS', 'INDOCO REMEDIES LIMITED', 'Drug Manufacturers - Major', 'Quote']","['INDOCO.BO', 'INDOCO REMEDIES LTD.', 'Drug Manufacturers - Major', 'Quote']","['INNV', 'INNOVUS PHARMA', 'Drug Manufacturers - Major', 'Quote']","['ISHITADR.BO', 'ISHITA DRUGS & INDUSTRIES LTD.', 'Drug Manufacturers - Major', 'Quote']","['IVEE.BO', 'IVEE INJECTAA LTD', 'Drug Manufacturers - Major', 'Quote , Chart']","['IMNP', 'Immune Pharmaceuticals Inc.', 'Drug Manufacturers - Major', 'Quote , Research , Insider , Financials']","['IPXL', 'Impax Laboratories, Inc.', 'Drug Manufacturers - Major', 'Quote , News , Research , SEC , Insider , Financials , Analyst Ratings']","['JENBURPH.BO', 'JENBURKT PHARMACEUTICALS LTD.', 'Drug Manufacturers - Major', 'Quote']","['8049.HK', 'JILIN CHANGLONG', 'Drug Manufacturers - Major', 'Quote , Chart , News']","['JZHG', 'JINZANGHUANG TIBET', 'Drug Manufacturers - Major', 'Quote']","['JNJ.MX', 'JOHNSON & JOHNSON', 'Drug Manufacturers - Major', 'Quote , Chart , News']","['JNJB34.SA', 'JOHNSON DRN', 'Drug Manufacturers - Major', 'Quote']"
"['JUBILANT.NS', 'JUBILANT LIFE SCIENCES LIMITED', 'Drug Manufacturers - Major', 'Quote , News']","['JNJ', 'Johnson & Johnson Common Stock', 'Drug Manufacturers - Major', 'Quote , Chart , Research , SEC , Msgs , Insider , Financials , Analyst Ratings']","['KAPPH.BO', 'KAPPAC PHARMA LTD.', 'Drug Manufacturers - Major', 'Quote']","['KILITCH.NS', 'KILITCH DRUGS(INDI INR10', 'Drug Manufacturers - Major', 'Quote , News , Research']","['KOPRAN.NS', 'KOPRAN LIMITED', 'Drug Manufacturers - Major', 'Quote']","['KOPRAN.BO', 'KOPRAN LTD.', 'Drug Manufacturers - Major', 'Quote']","['KREBSBIO.BO', 'KREBS BIOCHEMICALS & INDUSTRIE', 'Drug Manufacturers - Major', 'Quote']","['KYTH', 'Kythera Biopharmaceuticals, Inc', 'Drug Manufacturers - Major', 'Quote , Research , Insider , Analyst Ratings']","['LAVI.AT', 'LAVIPHARM', 'Drug Manufacturers - Major', 'Quote']","['0950.HK', ""LEE'S PHARM"", 'Drug Manufacturers - Major', 'Quote , Research']","['LLY.PA', 'LILLY AND CO', 'Drug Manufacturers - Major', 'Quote']","['LILY34.SA', 'LILLY DRN', 'Drug Manufacturers - Major', 'Quote']","['LILY34F.SA', 'LILLY DRN', 'Drug Manufacturers - Major', 'Quote']","['LINCOPH.BO', 'LINCOLN PHARMACEUTICALS LTD.', 'Drug Manufacturers - Major', 'Quote , Research']","['8058.HK', 'LUOXIN PHARMA', 'Drug Manufacturers - Major', 'Quote , News , Research']","['MYX.AX', 'M PHARMA FPO', 'Drug Manufacturers - Major', 'Quote']","['MAKERSL.BO', 'MAKERS LABORATORIES LTD.', 'Drug Manufacturers - Major', 'Quote , Research']","['MARKSANS.NS', 'MARKSANS PHARMA LT INR1', 'Drug Manufacturers - Major', 'Quote']","['MARKSANS.BO', 'MARKSANS PHARMA LTD.', 'Drug Manufacturers - Major', 'Quote']"
"['MRK.MX', 'MERCK', 'Drug Manufacturers - Major', 'Quote , Chart , News']","['MRK.BA', 'MERCK & CO INC CEDEAR (10 REP 1', 'Drug Manufacturers - Major', 'Quote , Chart , News']","['MRK.PA', 'MERCK AND CO INC', 'Drug Manufacturers - Major', 'Quote , Chart']","['MRCK34.SA', 'MERCK DRN', 'Drug Manufacturers - Major', 'Quote']","['MRCK34F.SA', 'MERCK DRN ED', 'Drug Manufacturers - Major', 'Quote']","['MOB.ST', 'MOBERG PHARMA', 'Drug Manufacturers - Major', 'Quote , News , Research']","['MOREPENLAB.BO', 'MOREPEN LABORATORIES LTD.', 'Drug Manufacturers - Major', 'Quote']","['MRK', 'Merck & Company, Inc. Common St', 'Drug Manufacturers - Major', 'Quote , Chart , Research , Msgs , Insider , Financials , Analyst Ratings']","['NNAB', 'NANO-ANTIBIOTICS', 'Drug Manufacturers - Major', 'Quote']","['NANO.PA', 'NANOBIOTIX', 'Drug Manufacturers - Major', 'Quote']","['NATCOPHARM.NS', 'NATCO PHARMA LIMITED', 'Drug Manufacturers - Major', 'Quote']","['NATCAPSUQ.BO', 'NATURAL CAPSULES LTD.', 'Drug Manufacturers - Major', 'Quote']","['NAVA.OL', 'NAVAMEDIC', 'Drug Manufacturers - Major', 'Quote , News , Research']","['NECLIFE.NS', 'NECTAR LIFESCIENCES LIMITED', 'Drug Manufacturers - Major', 'Quote , News']","['NECLIFE.BO', 'NECTAR LIFESCIENCES LTD.', 'Drug Manufacturers - Major', 'Quote']","['NVP.ST', 'NEUROVIVE PHARMA', 'Drug Manufacturers - Major', 'Quote , Research']","['NTRR', 'NEUTRA CORP', 'Drug Manufacturers - Major', 'Quote']","['NTRRE', 'NEUTRA CORP', 'Drug Manufacturers - Major', 'Quote']","['NGLFINE.BO', 'NGL FINE-CHEM LTD.', 'Drug Manufacturers - Major', 'Quote']"
"['NVS.BA', 'NOVARTIS AG CEDEAR EACH REP 0.5', 'Drug Manufacturers - Major', 'Quote , Chart , News']","['0QLR.L', 'NOVARTIS AG NOVARTIS ORD SHS', 'Drug Manufacturers - Major', 'Quote']","['NOT.DE', 'NOVARTIS N', 'Drug Manufacturers - Major', 'Quote']","['NVSN.MX', 'NOVARTIS SP ADR', 'Drug Manufacturers - Major', 'Quote , Chart , News']","['NOTA.DE', 'NOVARTIS SP ADR', 'Drug Manufacturers - Major', 'Quote , News']","['NRT.AX', 'NOVOGEN FPO', 'Drug Manufacturers - Major', 'Quote , Chart']","['NVS', 'Novartis AG Common Stock', 'Drug Manufacturers - Major', 'Quote , Chart , Research , Msgs , Financials']","['NVGN', 'Novogen Limited', 'Drug Manufacturers - Major', 'Quote , Chart , News , Research , Msgs , Insider , Financials']","['OASM.ST', 'OASMIA', 'Drug Manufacturers - Major', 'Quote , Research']","['OPT.AX', 'OPTHEA FPO', 'Drug Manufacturers - Major', 'Quote']","['OCPA.L', 'ORCHID PHARMA LIMITED GDR (EACH', 'Drug Manufacturers - Major', 'Quote']","['ORCHIDCHEM.BO', 'ORCHID PHARMA LTD', 'Drug Manufacturers - Major', 'Quote , News']","['PCBB.BR', 'PCB', 'Drug Manufacturers - Major', 'Quote , Chart']","['PFE.MX', 'PFIZER', 'Drug Manufacturers - Major', 'Quote , Chart , News']","['PFE.ST', 'PFIZER', 'Drug Manufacturers - Major', 'Quote , Chart , News , Research']","['PFIZ34.SA', 'PFIZER DRN', 'Drug Manufacturers - Major', 'Quote']","['PFIZ34F.SA', 'PFIZER DRN', 'Drug Manufacturers - Major', 'Quote']","['PFE.BA', 'PFIZER INC CEDEAR EACH 2 REP 1', 'Drug Manufacturers - Major', 'Quote , Chart , News']","['PFZ.L', 'PFIZER INCORPORATED COM STK USD', 'Drug Manufacturers - Major', 'Quote , News']"
"['PFIZER.BO', 'PFIZER LTD.', 'Drug Manufacturers - Major', 'Quote']","['PHRMASI.BO', 'PHAARMASIA LTD.', 'Drug Manufacturers - Major', 'Quote']","['PHARMAID.BO', 'PHARMAIDS PHARMACEUTICALS LTD.', 'Drug Manufacturers - Major', 'Quote']","['PHAL.ST', 'PHARMALUNDENSIS', 'Drug Manufacturers - Major', 'Quote']","['PXS.AX', 'PHARMAXIS FPO', 'Drug Manufacturers - Major', 'Quote , Chart']","['PHO.OL', 'PHOTOCURE', 'Drug Manufacturers - Major', 'Quote , Chart , News , Research']","['4108.TW', 'PHYTOHEALTH CORP. TWD10', 'Drug Manufacturers - Major', 'Quote']","['PRL.MI', 'PIERREL', 'Drug Manufacturers - Major', 'Quote , News , Research']","['PHST.L', 'PJSC PHARMSTANDARD GDR (4 GDRS', 'Drug Manufacturers - Major', 'Quote , News , Research']","['PLE.L', 'PLETHORA SOLUTIONS', 'Drug Manufacturers - Major', 'Quote , News , Research']","['PRTT', 'PROTECT PHARMACEUT COM USD0.01(', 'Drug Manufacturers - Major', 'Quote']","['PFE', 'Pfizer, Inc. Common Stock', 'Drug Manufacturers - Major', 'Quote , Chart , Research , SEC , Msgs , Insider , Financials , Analyst Ratings']","['2010.HK', 'REAL NUTRI', 'Drug Manufacturers - Major', 'Quote , News , Research']","['REC.MI', 'RECORDATI ORD', 'Drug Manufacturers - Major', 'Quote , News']","['RTRX', 'Retrophin, Inc.', 'Drug Manufacturers - Major', 'Quote , Research , Insider , Financials']","['RMTI', 'Rockwell Medical, Inc.', 'Drug Manufacturers - Major', 'Quote , Chart , News , Research , SEC , Msgs , Insider , Financials , Analyst Ratings']","['SANJIVIN.BO', 'SANJIVANI PARANTERAL LTD.', 'Drug Manufacturers - Major', 'Quote']","['SAC.DE', 'SANOCHEMIA PHARMA', 'Drug Manufacturers - Major', 'Quote']","['SAN.PA', 'SANOFI', 'Drug Manufacturers - Major', 'Quote , News']"
"['SANNV.PA', 'SANOFI I16', 'Drug Manufacturers - Major', 'Quote , News']","['SNW2.DE', 'SANOFI SP ADR', 'Drug Manufacturers - Major', 'Quote , News']","['SNYN.MX', 'SANOFI SP ADR', 'Drug Manufacturers - Major', 'Quote , News']","['SAR.L', 'SAREUM HOLDINGS PLC ORD 0.025P', 'Drug Manufacturers - Major', 'Quote , News']","['0719.HK', 'SHANDONG XINHUA', 'Drug Manufacturers - Major', 'Quote , Chart , Research']","['SHARONBIO.BO', 'SHARON BIO-MEDICINE LTD.', 'Drug Manufacturers - Major', 'Quote']","['SPH.L', 'SINCLAIR PHARMA PLC ORD 1P', 'Drug Manufacturers - Major', 'Quote , Chart , News']","['SKP.L', 'SKYEPHARMA PLC ORD 100P', 'Drug Manufacturers - Major', 'Quote , Chart , News , Research']","['SKBI', 'SKYSTAR BIO-PHARMA COM USD0.001', 'Drug Manufacturers - Major', 'Quote']","['SMSPHARMA.NS', 'SMS PHARMACEUTICAL INR1', 'Drug Manufacturers - Major', 'Quote']","['SMSPHARMA.BO', 'SMS PHARMACEUTICALS LTD.', 'Drug Manufacturers - Major', 'Quote']","['SOULD', 'SOUL & VIBE INTERA COM USD0.001', 'Drug Manufacturers - Major', 'Quote']","['2005.HK', 'SSY GROUP', 'Drug Manufacturers - Major', 'Quote , News , Research']","['SYNCOM.BO', 'SYNCOM HEALTHCARE LTD', 'Drug Manufacturers - Major', 'Quote']","['SYSCHEM.BO', 'SYSCHEM (INDIA) LTD.', 'Drug Manufacturers - Major', 'Quote']","['SNY', 'Sanofi American Depositary Shar', 'Drug Manufacturers - Major', 'Quote , Chart , Research , Msgs , Financials']","['CZ3.SI', 'Suntar Eco-City', 'Drug Manufacturers - Major', 'Quote']","['TRAB', 'THERABIOGEN INC', 'Drug Manufacturers - Major', 'Quote']","['TRABE', 'THERABIOGEN INC', 'Drug Manufacturers - Major', 'Quote']"
"['1666.HK', 'TONG REN TANG', 'Drug Manufacturers - Major', 'Quote , News , Research']","['TGLP', 'TONGLI PHARMA USA', 'Drug Manufacturers - Major', 'Quote']","['TGLPE', 'TONGLI PHARMA USA', 'Drug Manufacturers - Major', 'Quote']","['TWILITAKA.NS', 'TWILIGHT LITAKA PH INR5', 'Drug Manufacturers - Major', 'Quote']","['TWILITAKA.BO', 'TWILIGHT LITAKA PHARMA LTD.', 'Drug Manufacturers - Major', 'Quote']","['TXMD', 'TherapeuticsMD, Inc. Common Sto', 'Drug Manufacturers - Major', 'Quote , Research , Insider , Financials']","['TNXP', 'Tonix Pharmaceuticals Holding C', 'Drug Manufacturers - Major', 'Quote , Research , Insider , Financials']","['TNXPD', 'Tonix Pharmaceuticals Holding C', 'Drug Manufacturers - Major', 'Quote']","['2327.HK', 'U-HOME HOLDINGS', 'Drug Manufacturers - Major', 'Quote , Chart , Research']","['UNICHEMLAB.NS', 'UNICHEM LABORATORIES LIMITED', 'Drug Manufacturers - Major', 'Quote']","['UNICHEMLAB.BO', 'UNICHEM LABORATORIES LTD.', 'Drug Manufacturers - Major', 'Quote']","['3933.HK', 'UNITED LAB', 'Drug Manufacturers - Major', 'Quote , News , Research']","['UNJHAFOR.BO', 'UNJHA FORMULATIONS LTD.', 'Drug Manufacturers - Major', 'Quote']","['VEC.L', 'VECTURA GROUP PLC ORD 0.025P', 'Drug Manufacturers - Major', 'Quote , Chart , News']","['VENKPHR.BO', 'VENKAT PHARMA LTD.', 'Drug Manufacturers - Major', 'Quote']","['VENUSREM.NS', 'VENUS REMEDIES LTD INR10', 'Drug Manufacturers - Major', 'Quote']","['VETO.PA', 'VETOQUINOL', 'Drug Manufacturers - Major', 'Quote , News']","['VIRP.PA', 'VIRBAC', 'Drug Manufacturers - Major', 'Quote']","['VSC.AX', 'VLSCIENCE FPO', 'Drug Manufacturers - Major', 'Quote , Research']"
"['WANBURY.BO', 'WANBURY LTD.', 'Drug Manufacturers - Major', 'Quote']","['WELCURE.BO', 'WELCURE DRUGS & PHARMACEUTICAL', 'Drug Manufacturers - Major', 'Quote']","['WINTAC.BO', 'WINTAC LTD.', 'Drug Manufacturers - Major', 'Quote']","['1889.HK', 'WUYI PHARMA', 'Drug Manufacturers - Major', 'Quote , News , Research']","['ZENITHHE.BO', 'ZENITH HEALTH CARE LTD.', 'Drug Manufacturers - Major', 'Quote']","['ZSPH', 'ZS Pharma, Inc.', 'Drug Manufacturers - Major', 'Quote , Research , Insider']","['ZYDEN.BO', 'ZYDEN GENTEC LTD.', 'Drug Manufacturers - Major', 'Quote']"
"['CJJD', 'China Jo-Jo Drugstores, Inc.', 'Drug Stores', 'Quote , Research , Insider , Financials']","['NPD', 'China Nepstar Chain Drugstore L', 'Drug Stores', 'Quote , Research , Financials , Analyst Ratings']","['DECN', 'DECISION DIAGNOSTICS', 'Drug Stores', 'Quote']","['GNC', 'GNC Holdings, Inc. Class A Comm', 'Drug Stores', 'Quote , Research , Insider , Financials , Analyst Ratings']","['RXMD', 'PROGRESSIVE CARE', 'Drug Stores', 'Quote']","['RXMDE', 'PROGRESSIVE CARE', 'Drug Stores', 'Quote']","['RAD', 'Rite Aid Corporation Common Sto', 'Drug Stores', 'Quote , Chart , Research , SEC , Msgs , Insider , Financials , Analyst Ratings']"
"['AAC', 'AAC Holdings, Inc. Common Stock', 'Specialized Health Services', 'Quote , Research , SEC , Insider , Financials']","['AHS', 'AMN Healthcare Services Inc AMN', 'Specialized Health Services', 'Quote , Chart , News , Research , Msgs , Insider , Financials , Analyst Ratings']","['AMEH', 'APOLLO MEDICAL HLDGS', 'Specialized Health Services', 'Quote']","['ACHC', 'Acadia Healthcare Company, Inc.', 'Specialized Health Services', 'Quote , Research , Insider , Financials , Analyst Ratings']","['ANCI', 'American Caresource Holdings In', 'Specialized Health Services', 'Quote , Insider']","['AMS', 'American Shared Hospital Servic', 'Specialized Health Services', 'Quote , Chart , News , Research , SEC , Msgs , Insider , Financials']","['AMSG', 'Amsurg Corp.', 'Specialized Health Services', 'Quote , Chart , News , Research , SEC , Msgs , Insider , Financials , Analyst Ratings']","['CATS', 'CATASYS INC', 'Specialized Health Services', 'Quote']","['CATSD', 'CATASYS INC', 'Specialized Health Services', 'Quote']","['CFWH', 'CENTER FOR WOUND HEA', 'Specialized Health Services', 'Quote']","['CPAI', 'CHAMPION PAIN CARE C', 'Specialized Health Services', 'Quote']","['CHCR', 'COMPREHENSIVE CARE CORPORATION', 'Specialized Health Services', 'Quote']","['CCEL', 'CRYO-CELL INTL INC', 'Specialized Health Services', 'Quote']","['DVA', 'DaVita Inc. Common Stock', 'Specialized Health Services', 'Quote , Chart , News , Research , SEC , Msgs , Insider , Financials , Analyst Ratings']","['FMS.V', 'FOCUS GRAPHITE INC', 'Specialized Health Services', 'Quote , News']","['FMS', 'Fresenius Medical Care AG Commo', 'Specialized Health Services', 'Quote , Chart , News , Research , Msgs , Financials']","['HEMA', 'HEMACARE CORP', 'Specialized Health Services', 'Quote']","['HLS', 'HealthSouth Corporation Common', 'Specialized Health Services', 'Quote , Research , Insider , Financials , Analyst Ratings']","['HWAY', 'Healthways, Inc.', 'Specialized Health Services', 'Quote , Research , Msgs , Insider , Financials , Analyst Ratings']"
"['MLKNA', 'MEDLINK INTL INC A', 'Specialized Health Services', 'Quote']","['MD', 'Mednax, Inc. Common Stock', 'Specialized Health Services', 'Quote , Research , Insider , Financials , Analyst Ratings']","['NHPR', 'NATIONAL HEALTH PTR', 'Specialized Health Services', 'Quote']","['OVIT', 'ONCOVISTA INNOVATIVE', 'Specialized Health Services', 'Quote']","['PFHO', 'PACIFIC HEALTH CARE', 'Specialized Health Services', 'Quote']","['PSYS', 'PARADIGM SYSTEM SOLU', 'Specialized Health Services', 'Quote']","['PAHC', 'Phibro Animal Health Corporatio', 'Specialized Health Services', 'Quote , Research , Insider , Financials']","['SKCO', 'SAGEMARK COS LTD THE', 'Specialized Health Services', 'Quote']","['PRSC', 'The Providence Service Corporat', 'Specialized Health Services', 'Quote , Chart , News , Research , Msgs , Insider , Financials , Analyst Ratings']","['USNU', 'U S NEUROSURGICAL INC', 'Specialized Health Services', 'Quote']"
"['5NG.SI', '$ Healthway Med', 'Hospitals', 'Quote , Research']","['AHI.V', 'AGILITY HEALTH INC', 'Hospitals', 'Quote , Research']","['ANCR.L', 'ANIMALCARE GROUP PLC ORD 20P', 'Hospitals', 'Quote']","['APOLLOHOSP.BO', 'APOLLO HOSPITALS ENTERPRISE LT', 'Hospitals', 'Quote']","['AJJ.AX', 'ASIAN AMER FPO', 'Hospitals', 'Quote']","['ABA.NZ', 'Abano Healthcare Group Limited', 'Hospitals', 'Quote , Chart']","['ADPT', 'Adeptus Health Inc. Common Stoc', 'Hospitals', 'Quote , Research , SEC , Insider , Financials']","['BRC.AX', 'BRAIN RES FPO', 'Hospitals', 'Quote , Chart']","['CMBN.L', 'CAMBIAN GROUP PLC ORD 1P', 'Hospitals', 'Quote']","['CAJ.AX', 'CAPITOL H FPO', 'Hospitals', 'Quote']","['CTH.L', 'CARETECH HOLDINGS PLC ORD 0.5P', 'Hospitals', 'Quote , Chart']","['CLS1.DE', 'CELESIO AG NA O.N.', 'Hospitals', 'Quote , News']","['CHH.TO', 'CENTRIC HEALTH CORPORATION', 'Hospitals', 'Quote , News']","['CMMHOSP.BO', 'CHENNAI MEENAKSHI MULTISPECIAL', 'Hospitals', 'Quote']","['CIRC.L', 'CIRCLE HOLDINGS PLC ORD 2P', 'Hospitals', 'Quote , News']","['CYH', 'Community Health Systems, Inc.', 'Hospitals', 'Quote , Chart , Research , SEC , Msgs , Insider , Financials , Analyst Ratings']","['CCM', 'Concord Medical Services Holdin', 'Hospitals', 'Quote , Research , Financials , Analyst Ratings']","['ZDHJERK.BO', 'DHANVANTRI JEEVAN REKHA LTD.', 'Hospitals', 'Quote']","['DRAGARWQ.BO', 'DR.AGARWALS EYE HOSPITAL LTD.', 'Hospitals', 'Quote']"
"['EUROM.AT', 'EUROMEDICA', 'Hospitals', 'Quote']","['FORTIS.BO', 'FORTIS HEALTHCARE LTD.', 'Hospitals', 'Quote']","['FORTIS.NS', 'FORTIS HLTH (INDIA INR10', 'Hospitals', 'Quote , News']","['FME.DE', 'FRESEN.MED.CARE KGAA O.N.', 'Hospitals', 'Quote , News']","['FRE.DE', 'FRESENIUS', 'Hospitals', 'Quote , Chart , News']","['FMEA.DE', 'FRESENIUS SP ADR', 'Hospitals', 'Quote']","['GHP.ST', 'GHP SPECIALTY CARE', 'Hospitals', 'Quote , News , Research']","['GXL.AX', 'GREENCROSS FPO', 'Hospitals', 'Quote']","['HCA', 'HCA Holdings, Inc. Common Stock', 'Hospitals', 'Quote , Chart , Research , SEC , Insider , Financials , Analyst Ratings']","['HSO.AX', 'HEALTHSCPE FPO', 'Hospitals', 'Quote']","['588.SI', 'HMI', 'Hospitals', 'Quote , Chart']","['HYGEIA.AT', 'HYGEIA', 'Hospitals', 'Quote , Research']","['IASO.AT', 'IASO', 'Hospitals', 'Quote , Research']","['Q0F.SI', 'IHH', 'Hospitals', 'Quote , News']","['INDRAMEDCO.BO', 'INDRAPRASTHA MEDICAL CORP.LTD.', 'Hospitals', 'Quote']","['KERALAYUR.BO', 'KERALA AYURVEDA LTD.', 'Hospitals', 'Quote']","['KMCSHIL.BO', 'KMC SPECIALITY HOSPITALS (INDI', 'Hospitals', 'Quote']","['KKT.AX', 'KONEKT FPO', 'Hospitals', 'Quote , Chart , Research']","['KORI.PA', 'KORIAN', 'Hospitals', 'Quote , News']"
"['LOTUSEYE.BO', 'LOTUS EYE CARE HOSPITAL LTD.', 'Hospitals', 'Quote']","['LPNT', 'LifePoint Health, Inc.', 'Hospitals', 'Quote , Chart , News , Research , Msgs , Insider , Financials , Analyst Ratings']","['MAK.DE', 'MATERNUS-KLINIKEN', 'Hospitals', 'Quote']","['MDMG.L', 'MD MEDICAL GROUP INVESTMENTS PL', 'Hospitals', 'Quote']","['DR.TO', 'MEDICAL FACILITIES CORP', 'Hospitals', 'Quote , News']","['MED.DE', 'MEDICLIN', 'Hospitals', 'Quote , Chart , News']","['ANH.L', 'MEDICLINIC INTERNATIONAL PLC OR', 'Hospitals', 'Quote']","['NGIND.BO', 'N.G.INDUSTRIES LTD.', 'Hospitals', 'Quote']","['NMC.L', 'NMC HEALTH PLC ORD 10P', 'Hospitals', 'Quote , News']","['NHC.TO', 'NOBILIS HEALTH CORP', 'Hospitals', 'Quote , Chart , News']","['NOIMC.BO', 'NOIDA MEDICARE CENTRE LTD.', 'Hospitals', 'Quote']","['PSQ.AX', 'PACSMILES FPO', 'Hospitals', 'Quote']","['PRY.AX', 'PRIMARY FPO', 'Hospitals', 'Quote , Chart']","['PTL.BO', 'PTL ENTERPRISES LTD.', 'Hospitals', 'Quote']","['PHG.AX', 'PULSE HLTH FPO', 'Hospitals', 'Quote']","['P47.SI', 'Pacific Hc^', 'Hospitals', 'Quote , Research']","['QC7.SI', 'Q&M Dental', 'Hospitals', 'Quote , News']","['RHC.AX', 'RAMSAY FPO', 'Hospitals', 'Quote , Chart']","['RGNYMIS.BO', 'REGENCY HOSPITAL LTD.', 'Hospitals', 'Quote , Research']"
"['R01.SI', 'Raffles Medical', 'Hospitals', 'Quote , Chart , News']","['SHL.AX', 'SONIC HLTH FPO', 'Hospitals', 'Quote , Chart']","['MLSTM.PA', 'STEAM FRANCE', 'Hospitals', 'Quote']","['SEM', 'Select Medical Holdings Corpora', 'Hospitals', 'Quote , News , Research , SEC , Insider , Financials , Analyst Ratings']","['SUM.NZ', 'Summerset Group Holdings Limite', 'Hospitals', 'Quote']","['THC', 'Tenet Healthcare Corporation Co', 'Hospitals', 'Quote , Chart , News , Research , SEC , Msgs , Insider , Financials , Analyst Ratings']","['JYNT', 'The Joint Corp.', 'Hospitals', 'Quote , Research , Insider , Financials']","['USMD', 'USMD Holdings, Inc.', 'Hospitals', 'Quote , Research , Insider']","['UHS', 'Universal Health Services, Inc.', 'Hospitals', 'Quote , Chart , News , Research , SEC , Msgs , Insider , Financials , Analyst Ratings']","['VENN.L', 'VENN LIFE SCIENCES HOLDINGS PLC', 'Hospitals', 'Quote']","['VRT.AX', 'VIRTUS FPO', 'Hospitals', 'Quote']"
