MLABC.PA,ABC ORTHODONTICS,Medical Equipment Wholesale,Quote
API.AX,AUST PHARM FPO,Medical Equipment Wholesale,"Quote , Chart , Profile , Research"
BLC.PA,BASTIDE LE CONFORT,Medical Equipment Wholesale,"Quote , News , Profile , Research"
BOMI.MI,BOMI ITALIA,Medical Equipment Wholesale,"Quote , Profile , Research"
CAH.BA,CARDINAL HEALTH CEDEAR EACH 3 R,Medical Equipment Wholesale,"Quote , Chart , News"
EBM.V,EASTWOOD BIO MEDICAL CANADA INC,Medical Equipment Wholesale,"Quote , Profile"
EBO.NZ,Ebos Group Limited Ordinary Sha,Medical Equipment Wholesale,"Quote , Chart , Profile , Research"
GDLM,GOLDEN CENTURY RES,Medical Equipment Wholesale,Quote
SAB.MX,GRUPO CASA SABA,Medical Equipment Wholesale,"Quote , Chart"
HSIC,"Henry Schein, Inc.",Medical Equipment Wholesale,"Quote , Chart , News , Profile , Research , SEC , Msgs , Insider , Financials , Analyst Ratings"
MNX.V,MANITEX CAPITAL INC.,Medical Equipment Wholesale,"Quote , Chart , Profile"
OMI.TO,OROSUR MINING INC,Medical Equipment Wholesale,"Quote , News , Profile"
OMI,"Owens & Minor, Inc. Common Stoc",Medical Equipment Wholesale,"Quote , Chart , News , Profile , Research , SEC , Msgs , Insider , Financials , Analyst Ratings"
PGC.AX,PARAGON FPO,Medical Equipment Wholesale,"Quote , Profile , Research"
PDCO,"Patterson Companies, Inc.",Medical Equipment Wholesale,"Quote , Chart , News , Profile , Research , SEC , Msgs , Insider , Financials , Analyst Ratings"
PMC,Pharmerica Corporation Common S,Medical Equipment Wholesale,"Quote , Profile , Research , Msgs , Insider , Financials , Analyst Ratings"
PBH,"Prestige Brand Holdings, Inc. C",Medical Equipment Wholesale,"Quote , Profile , Research , Msgs , Insider , Financials , Analyst Ratings"
SIP.AX,SIGMAPHARM FPO,Medical Equipment Wholesale,"Quote , Profile , Research"
1099.HK,SINOPHARM,Medical Equipment Wholesale,"Quote , News , Profile , Research"
SNYR,SYNERGY STRIPS CORP,Medical Equipment Wholesale,Quote
UDG.L,UDG HEALTHCARE PUBLIC LIMITED C,Medical Equipment Wholesale,"Quote , Chart , News , Profile"
