MLACP.PA,ACEP FRANCE,Medical Instruments & Supplies,"Quote , Profile"
AMS.L,ADVANCED MEDICAL SOLUTIONS GROU,Medical Instruments & Supplies,"Quote , Chart , News , Profile , Research"
AKR.L,"AKERS BIOSCIENCES, INC. COM SHS",Medical Instruments & Supplies,"Quote , Chart , News , Profile"
AMP.MI,AMPLIFON .,Medical Instruments & Supplies,"Quote , Chart , News , Profile , Research"
ANN.AX,ANSELL FPO,Medical Instruments & Supplies,"Quote , Chart , Profile , Research"
1149.HK,ANXIN-CHINA,Medical Instruments & Supplies,"Quote , Chart , News , Research"
0899.HK,ASIA RESOURCES,Medical Instruments & Supplies,"Quote , Chart , Profile"
ATEC,"Alphatec Holdings, Inc.",Medical Instruments & Supplies,"Quote , Research , Msgs , Insider , Financials , Analyst Ratings"
ANGO,"AngioDynamics, Inc.",Medical Instruments & Supplies,"Quote , Chart , Profile , Research , Msgs , Insider , Financials , Analyst Ratings"
ATRS,"Antares Pharma, Inc.",Medical Instruments & Supplies,"Quote , Chart , News , Profile , Research , Insider , Financials , Analyst Ratings"
ATRC,"AtriCure, Inc.",Medical Instruments & Supplies,"Quote , Profile , Research , Msgs , Insider , Financials , Analyst Ratings"
ATRI,Atrion Corporation,Medical Instruments & Supplies,"Quote , Chart , News , Profile , Research , SEC , Msgs , Insider , Financials"
BALM3.SA,BAUMER ON,Medical Instruments & Supplies,"Quote , Chart"
BALM4.SA,BAUMER PN,Medical Instruments & Supplies,"Quote , Chart , Profile"
BAXS,BAXANO SURGICAL INC,Medical Instruments & Supplies,Quote
BTL.DE,BAXTER INTL,Medical Instruments & Supplies,Quote
BMRA,BIOMERICA INC,Medical Instruments & Supplies,"Quote , Research , Insider , Financials"
BIOT.ST,BIOTAGE,Medical Instruments & Supplies,"Quote , News , Profile"
BAX,Baxter International Inc. Commo,Medical Instruments & Supplies,"Quote , Chart , Profile , Research , SEC , Msgs , Insider , Financials , Analyst Ratings"
BDX,"Becton, Dickinson and Company C",Medical Instruments & Supplies,"Quote , Chart , News , Profile , Research , SEC , Msgs , Insider , Financials , Analyst Ratings"
BIOL,"Biolase, Inc.",Medical Instruments & Supplies,"Quote , Profile , Research , Insider , Financials , Analyst Ratings"
BCR,"C.R. Bard, Inc. Common Stock",Medical Instruments & Supplies,"Quote , Chart , News , Profile , Research , SEC , Msgs , Insider , Financials , Analyst Ratings"
ALCAR.PA,CARMAT,Medical Instruments & Supplies,"Quote , News , Profile , Research"
CASM,"CAS Medical Systems, Inc.",Medical Instruments & Supplies,"Quote , Profile , Research , Msgs , Insider , Financials"
CSURGSU.BO,CENTENIAL SURGICAL SUTURE LTD.,Medical Instruments & Supplies,Quote
1164.HK,CGN MINING,Medical Instruments & Supplies,"Quote , Chart , Profile"
0512.HK,CHINAGRANDPHARM,Medical Instruments & Supplies,"Quote , Chart , Profile"
CFMSF,CLIFTON STAR RESOURC,Medical Instruments & Supplies,Quote
CLV.AX,CLOVER FPO,Medical Instruments & Supplies,"Quote , Chart , Profile , Research"
CMP.AX,COMPUMEDIC FPO,Medical Instruments & Supplies,"Quote , Chart , Profile , Research"
CPCF,CPC OF AMERICA INC,Medical Instruments & Supplies,Quote
ALCJ.PA,CROSSJECT,Medical Instruments & Supplies,"Quote , Profile , Research"
CMN,Cantel Medical Corp. Common Sto,Medical Instruments & Supplies,"Quote , Chart , News , Profile , Research , Msgs , Insider , Financials"
COO,"Cooper Companies, Inc. (The) Co",Medical Instruments & Supplies,"Quote , Chart , Profile , Research , SEC , Msgs , Insider , Financials , Analyst Ratings"
XRAY,DENTSPLY SIRONA Inc.,Medical Instruments & Supplies,"Quote , Chart , News , Research , SEC , Msgs , Insider , Financials , Analyst Ratings"
CRDC,DEXTERA SURGICAL INC COM,Medical Instruments & Supplies,"Quote , Msgs , Insider , Analyst Ratings"
0329.HK,DRAGONITE INT'L,Medical Instruments & Supplies,"Quote , Chart , Profile"
DSCI,"Derma Sciences, Inc.",Medical Instruments & Supplies,"Quote , Profile , Research , Insider , Financials , Analyst Ratings"
0943.HK,EFORCE HOLDINGS,Medical Instruments & Supplies,"Quote , Chart , Research"
EKSO,EKSO BIONICS HOLDING,Medical Instruments & Supplies,"Quote , Research , Financials"
ELOS-B.ST,ELOS MEDTECH -B-,Medical Instruments & Supplies,Quote
ECIA,ENCISION INC,Medical Instruments & Supplies,Quote
ERG.V,ERGORESEARCH LTD,Medical Instruments & Supplies,"Quote , Chart , News , Profile"
EINV.PA,ESSILOR INTL I16,Medical Instruments & Supplies,Quote
EI.PA,ESSILOR INTL.,Medical Instruments & Supplies,"Quote , News , Profile , Research"
ELGX,"Endologix, Inc.",Medical Instruments & Supplies,"Quote , Chart , News , Profile , Research , Msgs , Insider , Financials , Analyst Ratings"
ENTL,"Entellus Medical, Inc.",Medical Instruments & Supplies,"Quote , Profile , Research , Insider , Financials"
GXI.DE,GERRESHEIMER,Medical Instruments & Supplies,"Quote , News , Profile"
GETI-B.ST,GETINGE -B-,Medical Instruments & Supplies,Quote
GKB.BO,GKB OPHTHALMICS LTD.,Medical Instruments & Supplies,Quote
0801.HK,GOLDEN MEDITECH,Medical Instruments & Supplies,"Quote , News , Profile , Research"
GKOS,Glaukos Corporation Common Stoc,Medical Instruments & Supplies,"Quote , Profile , Research , Insider , Financials"
8143.HK,HUA XIA HEALTH,Medical Instruments & Supplies,"Quote , Chart , Profile"
HDII,HYPERTENSION DIAG,Medical Instruments & Supplies,Quote
HAE,Haemonetics Corporation Common,Medical Instruments & Supplies,"Quote , Chart , News , Profile , Research , SEC , Msgs , Insider , Financials , Analyst Ratings"
HYH,"Halyard Health, Inc. Common Sto",Medical Instruments & Supplies,"Quote , Chart , Profile , Research , Insider , Financials"
HBIO,"Harvard Bioscience, Inc.",Medical Instruments & Supplies,"Quote , Chart , News , Profile , Research , SEC , Msgs , Insider , Financials , Analyst Ratings"
HTWR,"Heartware International, Inc.",Medical Instruments & Supplies,"Quote , Insider , Financials"
HRC,Hill-Rom Holdings Inc Common St,Medical Instruments & Supplies,"Quote , News , Profile , Research , Msgs , Insider , Financials , Analyst Ratings"
ALICR.PA,I.CERAM,Medical Instruments & Supplies,"Quote , Profile , Research"
ICUI,"ICU Medical, Inc.",Medical Instruments & Supplies,"Quote , Chart , News , Profile , Research , SEC , Msgs , Insider , Financials , Analyst Ratings"
IM.TO,IMRIS INC.,Medical Instruments & Supplies,Quote
0399.HK,INNOVATIVE PHAR,Medical Instruments & Supplies,"Quote , Chart , Profile , Research"
IRSB,IRIS BIOTECHNOLOGIES,Medical Instruments & Supplies,Quote
IMSU,ITECH MEDICAL INC,Medical Instruments & Supplies,Quote
ITD.AX,ITL LTD FPO,Medical Instruments & Supplies,"Quote , Chart , Profile"
IMRS,Imris Inc,Medical Instruments & Supplies,"Quote , Analyst Ratings"
INGN,"Inogen, Inc",Medical Instruments & Supplies,"Quote , Chart , News , Profile , Research , Msgs , Insider , Financials"
PODD,Insulet Corporation,Medical Instruments & Supplies,"Quote , Profile , Research , Insider , Financials , Analyst Ratings"
IART,Integra LifeSciences Holdings C,Medical Instruments & Supplies,"Quote , Chart , News , Profile , Research , SEC , Msgs , Insider , Financials , Analyst Ratings"
IVTY,"Invuity, Inc.",Medical Instruments & Supplies,"Quote , Profile , Research , Insider , Financials"
LAKE,"Lakeland Industries, Inc.",Medical Instruments & Supplies,"Quote , Chart , News , Profile , Research , SEC , Msgs , Insider , Financials"
LMAT,"LeMaitre Vascular, Inc.",Medical Instruments & Supplies,"Quote , Profile , Research , Insider , Financials , Analyst Ratings"
LMNX,Luminex Corporation,Medical Instruments & Supplies,"Quote , Chart , News , Profile , Research , SEC , Msgs , Insider , Financials , Analyst Ratings"
3DM.AX,MACH7 TECHNOLOGIES LTD,Medical Instruments & Supplies,Quote
MDHI,MEDICAL ALARM CONCEP,Medical Instruments & Supplies,Quote
MLA.AX,MEDICAL AU FPO,Medical Instruments & Supplies,"Quote , Profile"
MPEN.ST,MEDICPEN,Medical Instruments & Supplies,Quote
ALMED.PA,MEDICREA INTERNAT.,Medical Instruments & Supplies,"Quote , News , Profile , Research"
MGZ.AX,MEDIGARD FPO,Medical Instruments & Supplies,"Quote , Chart , Profile"
MROX-A.ST,MEDIROX -A-,Medical Instruments & Supplies,Quote
MPSP,MEDPRO SAFETY PD,Medical Instruments & Supplies,Quote
MLMFI.PA,MFI CONDOR,Medical Instruments & Supplies,"Quote , Profile"
MMSI,"Merit Medical Systems, Inc.",Medical Instruments & Supplies,"Quote , Chart , News , Profile , Research , SEC , Msgs , Insider , Financials , Analyst Ratings"
MLAB,"Mesa Laboratories, Inc.",Medical Instruments & Supplies,"Quote , Chart , News , Profile , Research , SEC , Msgs , Insider , Financials"
MTD,"Mettler-Toledo International, I",Medical Instruments & Supplies,"Quote , Chart , News , Profile , Research , SEC , Msgs , Insider , Financials , Analyst Ratings"
MLSS,"Milestone Scientific, Inc. Comm",Medical Instruments & Supplies,"Quote , Profile , Research , Insider , Financials"
NAN.AX,NANOSONICS FPO,Medical Instruments & Supplies,"Quote , Profile , Research"
NEPH,NEPHROS INC.,Medical Instruments & Supplies,Quote
NURO,"NeuroMetrix, Inc.",Medical Instruments & Supplies,"Quote , Chart , Profile , Research , Msgs , Insider , Financials , Analyst Ratings"
NUROD,"NeuroMetrix, Inc.",Medical Instruments & Supplies,Quote
ODX.L,OMEGA DIAGNOSTICS GROUP PLC ORD,Medical Instruments & Supplies,"Quote , Profile"
ORTI-A.ST,ORTIVUS -A-,Medical Instruments & Supplies,Quote
ORTI-B.ST,ORTIVUS -B-,Medical Instruments & Supplies,Quote
OSUR,"OraSure Technologies, Inc.",Medical Instruments & Supplies,"Quote , Chart , News , Profile , Research , SEC , Msgs , Insider , Financials , Analyst Ratings"
0239.HK,PAK FAH YEOW,Medical Instruments & Supplies,"Quote , Chart , Profile , Research"
1180.HK,PARADISE ENT,Medical Instruments & Supplies,"Quote , Chart , News , Profile , Research"
PIX.PA,PIXIUM VISION,Medical Instruments & Supplies,"Quote , Profile , Research"
POLYMED.NS,POLY MEDICURE LTD INR5,Medical Instruments & Supplies,"Quote , News , Profile , Research"
PEYE,PRECISION OPTICS,Medical Instruments & Supplies,Quote
PM.V,PRISM MEDICAL LTD.,Medical Instruments & Supplies,"Quote , Chart , News , Profile"
LENS,Presbia PLC,Medical Instruments & Supplies,"Quote , Chart , News , Profile , Research , Msgs , Insider , Financials"
PDEX,"Pro-Dex, Inc.",Medical Instruments & Supplies,"Quote , Chart , News , Profile , SEC , Msgs , Insider , Financials"
QTXB,QUANTRX BIOMEDICAL,Medical Instruments & Supplies,Quote
REMI,REMEDENT INC,Medical Instruments & Supplies,Quote
REPR,REPRO MED SYS INC,Medical Instruments & Supplies,Quote
RMD.AX,RESMED CDI 10:1,Medical Instruments & Supplies,"Quote , Chart , Profile"
RMCP,REVOLUTIONS MEDICAL,Medical Instruments & Supplies,Quote
RXSF,RX SAFES INC COM USD0.001 (POST,Medical Instruments & Supplies,Quote
RVP,"Retractable Technologies, Inc.",Medical Instruments & Supplies,"Quote , Chart , News , Profile , SEC , Msgs , Financials"
SFL.MI,SAFILO GROUP,Medical Instruments & Supplies,"Quote , News , Profile , Research"
SDI.AX,SDI FPO,Medical Instruments & Supplies,"Quote , Chart , Profile"
SECI,SECTOR 10 INC,Medical Instruments & Supplies,Quote
SHREEPAC.BO,SHREE PACETRONIX LTD.,Medical Instruments & Supplies,Quote
SEYE,SIGNATURE EYEWEAR,Medical Instruments & Supplies,Quote
0593.HK,SKYOCEAN INTL,Medical Instruments & Supplies,"Quote , Chart , Profile"
SPANDIAQ.BO,SPAN DIAGNOSTICS LTD.,Medical Instruments & Supplies,Quote
STAA,STAAR Surgical Company,Medical Instruments & Supplies,"Quote , Chart , News , Profile , Research , SEC , Msgs , Insider , Financials , Analyst Ratings"
SKLN,Skyline Medical Inc.,Medical Instruments & Supplies,"Quote , Research , Insider , Financials"
SSRG,Symmetry Surgical Inc.,Medical Instruments & Supplies,"Quote , Insider"
TECPO.BO,TECHTRAN POLYLENSES LTD.,Medical Instruments & Supplies,Quote
0455.HK,TIANDA PHARMA,Medical Instruments & Supplies,"Quote , Chart , Profile"
0570.HK,TRAD CHI MED,Medical Instruments & Supplies,"Quote , Chart , Profile"
TSTL.L,TRISTEL PLC ORD 1P,Medical Instruments & Supplies,"Quote , Profile"
TOS.TO,TSO3 INC,Medical Instruments & Supplies,"Quote , Chart , News , Profile , Research"
TNDM,"Tandem Diabetes Care, Inc.",Medical Instruments & Supplies,"Quote , Profile , Research , Insider , Financials"
TFX,Teleflex Incorporated Common St,Medical Instruments & Supplies,"Quote , Chart , Profile , Research , SEC , Msgs , Insider , Financials , Analyst Ratings"
THOR,Thoratec Corporation,Medical Instruments & Supplies,"Quote , Chart , News , SEC , Msgs , Insider , Analyst Ratings"
TRNX,Tornier N.V.,Medical Instruments & Supplies,"Quote , Analyst Ratings"
TRIV,"TriVascular Technologies, Inc.",Medical Instruments & Supplies,"Quote , Insider"
UNS.AX,UNILIFE CO CDI 60:1,Medical Instruments & Supplies,"Quote , Profile"
UEEC,UNITED HEALTH PROD,Medical Instruments & Supplies,Quote
AQUM,URBAN AG CORP,Medical Instruments & Supplies,Quote
UNIS,Unilife Corporation,Medical Instruments & Supplies,"Quote , Profile , Research , Insider , Financials , Analyst Ratings"
UTMD,"Utah Medical Products, Inc.",Medical Instruments & Supplies,"Quote , Chart , News , Profile , SEC , Msgs , Insider , Financials"
VPT.V,VENTRIPOINT DIAGNOSTICS LTD,Medical Instruments & Supplies,"Quote , News , Profile"
ALVXM.PA,VEXIM,Medical Instruments & Supplies,"Quote , Profile , Research"
VCRT,VICOR TECHNOLOGIES,Medical Instruments & Supplies,Quote
VGL.V,VIGIL HEALTH SOLUTIONS INC.,Medical Instruments & Supplies,"Quote , Chart , News , Profile"
0897.HK,WAI YUEN TONG,Medical Instruments & Supplies,"Quote , Chart , Profile"
WAT,Waters Corporation Common Stock,Medical Instruments & Supplies,"Quote , Chart , News , Profile , Research , SEC , Msgs , Insider , Financials , Analyst Ratings"
WST,"West Pharmaceutical Services, I",Medical Instruments & Supplies,"Quote , Chart , News , Profile , Research , SEC , Msgs , Insider , Financials , Analyst Ratings"
