AAQ.DE,AAP IMPLANTATE,Medical Appliances & Equipment,"Quote , News , Profile"
ABTT34F.SA,ABBOTT DRN,Medical Appliances & Equipment,Quote
ABTT34.SA,ABBOTT DRN ED,Medical Appliances & Equipment,"Quote , Profile"
ABT.MX,ABBOTT LABORATORIES,Medical Appliances & Equipment,"Quote , News , Profile"
ABL.DE,ABBOTT LABORATORIES,Medical Appliances & Equipment,"Quote , Profile"
ABT.BA,ABBOTT LABS CEDEAR EACH REP 1/2,Medical Appliances & Equipment,"Quote , Chart , Profile"
ABMD,"ABIOMED, Inc.",Medical Appliances & Equipment,"Quote , Chart , News , Profile , Research , SEC , Msgs , Insider , Financials , Analyst Ratings"
ACXA,ACCUREXA INC,Medical Appliances & Equipment,Quote
ACAR,ACTIVECARE INC,Medical Appliances & Equipment,Quote
ADVNCMIC.BO,ADVANCED MICRONIC DEVICES LTD.,Medical Appliances & Equipment,Quote
AEMD,AETHLON MEDICAL INC,Medical Appliances & Equipment,"Quote , Profile , Research , Insider , Financials"
AIRW,AIRWARE LABS CORP,Medical Appliances & Equipment,Quote
AXP.AX,AIRXPANDRS CDI FORUS,Medical Appliances & Equipment,"Quote , Profile"
AMT.AX,ALLEGRA FPO,Medical Appliances & Equipment,"Quote , Profile"
ALRT,ALR TECHNOLOGIES INC,Medical Appliances & Equipment,Quote
ALT.AX,ANALYTICA FPO,Medical Appliances & Equipment,"Quote , Chart , Profile"
ADO.AX,ANTEO FPO,Medical Appliances & Equipment,"Quote , Profile"
4106.TW,APEX MEDICAL TWD10,Medical Appliances & Equipment,"Quote , News , Profile , Research"
ARTH,ARCH THERAPEUTICS,Medical Appliances & Equipment,Quote
0835.HK,ASIA COAL,Medical Appliances & Equipment,"Quote , Chart , Profile"
ACG.AX,ATCOR FPO,Medical Appliances & Equipment,"Quote , Profile , Research"
ADI.PA,AUDIKA GROUPE,Medical Appliances & Equipment,"Quote , News"
ASG.V,AURORA SPINE CORPORATION,Medical Appliances & Equipment,"Quote , Chart , Profile"
AVCT.L,AVACTA GROUP PLC ORD 10P,Medical Appliances & Equipment,"Quote , Profile"
AVH.AX,AVITA MED FPO,Medical Appliances & Equipment,"Quote , Profile , Research"
AZV.AX,AZ HEALTH FPO,Medical Appliances & Equipment,"Quote , Profile"
ABT,Abbott Laboratories Common Stoc,Medical Appliances & Equipment,"Quote , Chart , Profile , Research , SEC , Msgs , Insider , Financials , Analyst Ratings"
ARAY,Accuray Incorporated,Medical Appliances & Equipment,"Quote , Profile , Research , Insider , Financials , Analyst Ratings"
ACRX,"AcelRx Pharmaceuticals, Inc.",Medical Appliances & Equipment,"Quote , Profile , Research , Insider , Financials , Analyst Ratings"
ALGN,"Align Technology, Inc.",Medical Appliances & Equipment,"Quote , Chart , News , Profile , Research , SEC , Msgs , Insider , Financials , Analyst Ratings"
AHPI,"Allied Healthcare Products, Inc",Medical Appliances & Equipment,"Quote , Chart , News , SEC , Msgs , Insider , Financials"
AMDA,Amedica Corporation,Medical Appliances & Equipment,"Quote , Profile , Research , Insider , Financials"
HRT,Arrhythmia Research Technology,Medical Appliances & Equipment,"Quote , Chart , News , Profile , SEC , Msgs , Insider , Financials"
AVGR,"Avinger, Inc.",Medical Appliances & Equipment,"Quote , Profile , Research , Insider , Financials"
AXGN,"AxoGen, Inc.",Medical Appliances & Equipment,"Quote , Profile , Research , Insider , Financials"
BQE.L,BIOQUELL PLC ORD 10P,Medical Appliances & Equipment,"Quote , Chart , News , Profile , Research"
BIO.V,BIOSIGN TECHNOLOGIES INC,Medical Appliances & Equipment,"Quote , Chart , News"
BSX.MX,BOSTON SCIENTIFIC,Medical Appliances & Equipment,Quote
BLFS,"BioLife Solutions, Inc.",Medical Appliances & Equipment,"Quote , Profile , Research , Insider , Financials"
B20.SI,Biosensors,Medical Appliances & Equipment,"Quote , News"
BSX,Boston Scientific Corporation C,Medical Appliances & Equipment,"Quote , Chart , Profile , Research , SEC , Msgs , Insider , Financials , Analyst Ratings"
CAMH,CAMBRIDGE HEART INC,Medical Appliances & Equipment,Quote
CAMHE,CAMBRIDGE HEART INC,Medical Appliances & Equipment,Quote
CRVW,CAREVIEW COMM INC,Medical Appliances & Equipment,Quote
CRVWE,CAREVIEW COMM INC,Medical Appliances & Equipment,Quote
CSDT,CASCADE TECHNOLOGIES,Medical Appliances & Equipment,Quote
CHOKSI.BO,CHOKSI IMAGING LTD.,Medical Appliances & Equipment,Quote
CLS-B.ST,CLINICAL LASER -B-,Medical Appliances & Equipment,Quote
COH.AX,COCHLEAR FPO,Medical Appliances & Equipment,"Quote , Chart , Profile , Research"
CNMD,CONMED Corporation,Medical Appliances & Equipment,"Quote , Chart , News , Profile , Research , SEC , Msgs , Insider , Financials , Analyst Ratings"
CSRT.L,CONSORT MEDICAL PLC ORD 10P,Medical Appliances & Equipment,"Quote , News , Profile , Research"
CGHC,CPTL GRP HLDNGS,Medical Appliances & Equipment,Quote
CGHCE,CPTL GRP HLDNGS,Medical Appliances & Equipment,Quote
CYC.AX,CYCLOPHARM FPO,Medical Appliances & Equipment,"Quote , Profile"
CYOE,CYTOCORE INC,Medical Appliances & Equipment,Quote
CSII,"Cardiovascular Systems, Inc.",Medical Appliances & Equipment,"Quote , News , Profile , Research , SEC , Insider , Financials , Analyst Ratings"
KOOLD,Cesca Therapeutics Inc.,Medical Appliances & Equipment,Quote
KOOL,Cesca Therapeutics Inc.,Medical Appliances & Equipment,"Quote , Chart , News , Profile , Research , SEC , Msgs , Insider , Financials"
CGNT,"Cogentix Medical, Inc.",Medical Appliances & Equipment,"Quote , Profile , Research , SEC , Insider , Financials"
CVRS,"Corindus Vascular Robotics, Inc",Medical Appliances & Equipment,"Quote , Profile , Research , Insider , Financials"
CRY,"CryoLife, Inc. Common Stock",Medical Appliances & Equipment,"Quote , Chart , News , Profile , Research , SEC , Msgs , Insider , Financials , Analyst Ratings"
CUTR,"Cutera, Inc.",Medical Appliances & Equipment,"Quote , Chart , Profile , Research , Msgs , Insider , Financials , Analyst Ratings"
CYBX,"Cyberonics, Inc.",Medical Appliances & Equipment,"Quote , Chart , News , SEC , Msgs , Insider , Analyst Ratings"
CYNO,"Cynosure, Inc.",Medical Appliances & Equipment,"Quote , Profile , Research , Msgs , Insider , Financials , Analyst Ratings"
DEMG.L,DELTEX MEDICAL GROUP PLC ORD 1P,Medical Appliances & Equipment,"Quote , Chart , News , Profile"
DGM.PA,DIAGNOSTIC MEDICAL,Medical Appliances & Equipment,"Quote , Profile"
DIGN.ST,DIGNITANA,Medical Appliances & Equipment,"Quote , Profile"
DRW8.DE,DRAEGERWERK,Medical Appliances & Equipment,"Quote , News , Profile"
DRW3.DE,DRAEGERWERK VZO O.N.,Medical Appliances & Equipment,"Quote , Profile , Research"
DHRM,Dehaier Medical Systems Limited,Medical Appliances & Equipment,"Quote , Profile , Financials"
DRAD,Digirad Corporation,Medical Appliances & Equipment,"Quote , Chart , Profile , Research , Msgs , Insider , Financials"
DYNT,Dynatronics Corporation,Medical Appliances & Equipment,"Quote , Chart , News , Profile , Research , SEC , Msgs , Insider , Financials"
EUZ.DE,ECKERT & ZIEGLER,Medical Appliances & Equipment,"Quote , Profile"
EDAP,EDAP TMS S.A.,Medical Appliances & Equipment,"Quote , Chart , News , Profile , Research , Msgs , Financials"
EKF.L,EKF DIAGNOSTICS HOLDINGS PLC OR,Medical Appliances & Equipment,"Quote , News , Profile , Research"
ELN.MI,EL.EN.,Medical Appliances & Equipment,"Quote , Chart , News"
EGI.L,"ELECTRICAL GEODESICS, INC. COM",Medical Appliances & Equipment,Quote
EKTA-B.ST,ELEKTA -B- FR,Medical Appliances & Equipment,Quote
E8X.DE,ELEXXION,Medical Appliances & Equipment,"Quote , Profile"
ELX.AX,ELLEX FPO,Medical Appliances & Equipment,"Quote , Chart , Profile , Research"
EOSI.PA,EOS IMAGING,Medical Appliances & Equipment,"Quote , News , Profile , Research"
EPIS-B.ST,EPISURF MEDICAL -B-,Medical Appliances & Equipment,Quote
EUK.MI,EUKEDOS,Medical Appliances & Equipment,"Quote , News , Profile , Research"
EMG.PA,EUROMEDIS GROUPE,Medical Appliances & Equipment,"Quote , Profile , Research"
4104.TW,EXCELSIOR MEDICAL TWD10,Medical Appliances & Equipment,"Quote , Profile , Research"
EW,Edwards Lifesciences Corporatio,Medical Appliances & Equipment,"Quote , Chart , News , Profile , Research , SEC , Msgs , Insider , Financials , Analyst Ratings"
GI,"EndoChoice Holdings, Inc. Commo",Medical Appliances & Equipment,"Quote , Chart , Profile , Research , Insider , Financials"
ETRM,EnteroMedics Inc.,Medical Appliances & Equipment,"Quote , Profile , Research , Insider , Financials , Analyst Ratings"
ESMC,Escalon Medical Corp.,Medical Appliances & Equipment,"Quote , Chart , News , Profile , SEC , Msgs , Insider , Financials"
EXAC,"Exactech, Inc.",Medical Appliances & Equipment,"Quote , Chart , News , Profile , Research , SEC , Msgs , Insider , Financials , Analyst Ratings"
FPH.AX,F&P HEALTH FPO NZX,Medical Appliances & Equipment,"Quote , Chart , Profile"
FPH.NZ,Fisher & Paykel Healthcare Corp,Medical Appliances & Equipment,"Quote , Chart , Profile , Research"
FONR,Fonar Corporation,Medical Appliances & Equipment,"Quote , Chart , News , Profile , SEC , Msgs , Insider , Financials"
GME.DE,GERATHERM MEDICAL,Medical Appliances & Equipment,"Quote , News , Profile"
GID.AX,GIDYNAMICS CDI FORUS,Medical Appliances & Equipment,"Quote , Profile , Research"
GN.CO,GN STORE NORD,Medical Appliances & Equipment,"Quote , Chart , News , Profile"
GBT.PA,GUERBET,Medical Appliances & Equipment,"Quote , News , Profile , Research"
GTHP,GUIDED THERAPEUTICS,Medical Appliances & Equipment,Quote
GNMK,"GenMark Diagnostics, Inc.",Medical Appliances & Equipment,"Quote , Profile , Research , Insider , Financials , Analyst Ratings"
GMED,"Globus Medical, Inc. Class A Co",Medical Appliances & Equipment,"Quote , Profile , Research , Insider , Financials , Analyst Ratings"
GB,"Greatbatch, Inc.",Medical Appliances & Equipment,"Quote , Chart , News , SEC , Msgs , Insider , Analyst Ratings"
HTL.V,HAMILTON THORNE LTD,Medical Appliances & Equipment,"Quote , News , Profile , Research"
HRT.TO,HARTE GOLD CORP,Medical Appliances & Equipment,"Quote , News , Profile , Research"
VICA,HCI VIOCARE,Medical Appliances & Equipment,Quote
0587.HK,HUA HAN HEALTH,Medical Appliances & Equipment,"Quote , Chart , Profile , Research"
HNSN,"Hansen Medical, Inc.",Medical Appliances & Equipment,"Quote , Insider , Financials , Analyst Ratings"
HOLX,"Hologic, Inc.",Medical Appliances & Equipment,"Quote , Chart , News , Profile , Research , SEC , Msgs , Insider , Financials , Analyst Ratings"
IBAB.BR,IBA,Medical Appliances & Equipment,"Quote , News"
IMI.AX,IM MEDICAL FPO,Medical Appliances & Equipment,"Quote , Chart"
IDH.L,IMMUNODIAGNOSTIC SYSTEMS HOLDIN,Medical Appliances & Equipment,"Quote , News , Profile"
IPD.AX,IMPEDIMED FPO,Medical Appliances & Equipment,"Quote , Profile , Research"
IMPL.PA,IMPLANET,Medical Appliances & Equipment,"Quote , Profile , Research"
NEMD,INEEDMD HLDGS INC COM USD0.001,Medical Appliances & Equipment,Quote
IFIX,INTERNAL FIXATION SY,Medical Appliances & Equipment,Quote
INVICTA.BO,INVICTA MEDITEK LTD.,Medical Appliances & Equipment,Quote
IVOB,INVO BIOSCIENCE INC,Medical Appliances & Equipment,Quote
IRIX,IRIDEX Corporation,Medical Appliances & Equipment,"Quote , Chart , News , Profile , Research , SEC , Msgs , Insider , Financials"
XENT,"Intersect ENT, Inc.",Medical Appliances & Equipment,"Quote , Profile , Research , Insider , Financials"
ISRG,"Intuitive Surgical, Inc.",Medical Appliances & Equipment,"Quote , Chart , News , Profile , Research , SEC , Msgs , Insider , Financials , Analyst Ratings"
IVC,Invacare Corporation Common Sto,Medical Appliances & Equipment,"Quote , Chart , News , Profile , Research , SEC , Msgs , Insider , Financials , Analyst Ratings"
JIDG,JOYMAIN INTL DEV GRP,Medical Appliances & Equipment,Quote
KTWO,"K2M Group Holdings, Inc.",Medical Appliances & Equipment,"Quote , Profile , Research , Insider , Financials"
KIPS,"KIPS BAY MEDICAL, IN",Medical Appliances & Equipment,Quote
KMK.L,KROMEK GROUP PLC ORD 1P,Medical Appliances & Equipment,"Quote , Profile"
LBT.AX,LABTECH FPO,Medical Appliances & Equipment,"Quote , Profile"
LDRH,LDR Holding Corporation,Medical Appliances & Equipment,"Quote , Insider , Financials"
LID.L,LIDCO GROUP PLC ORD 0.5P,Medical Appliances & Equipment,"Quote , Chart , Profile , Research"
LSIC.L,LIFELINE SCIENTIFIC INC COM SHS,Medical Appliances & Equipment,"Quote , Profile"
LCTC,LIFELOC,Medical Appliances & Equipment,Quote
LCDX,LUCID INC,Medical Appliances & Equipment,Quote
EVAR,"Lombard Medical, Inc.",Medical Appliances & Equipment,"Quote , Profile , Research , Financials"
LMNS,Lumenis Ltd.,Medical Appliances & Equipment,Quote
MAESTROM.BO,MAESTROS MEDILINE SYSTEMS LTD.,Medical Appliances & Equipment,Quote
MF6.DE,MAGFORCE,Medical Appliances & Equipment,"Quote , Profile"
MSTY.PA,MAINSTAY MEDICAL,Medical Appliances & Equipment,"Quote , Profile"
MKEA.PA,MAUNA KEA TECH,Medical Appliances & Equipment,"Quote , Profile"
ALMDW.PA,MDW,Medical Appliances & Equipment,Quote
MED.L,MEDAPHOR GROUP PLC ORD 1P,Medical Appliances & Equipment,"Quote , Profile"
MMAMD,MEDICAL MAKEOVER CP,Medical Appliances & Equipment,Quote
MEDI.OL,MEDISTIM,Medical Appliances & Equipment,"Quote , Chart , News , Profile"
ROSA.PA,MEDTECH,Medical Appliances & Equipment,Quote
9103.TW,MEDTECS INTL (BM) TDR EACH REPR,Medical Appliances & Equipment,"Quote , Chart , Profile"
MGCD,MGC Diagnostics Corporation,Medical Appliances & Equipment,"Quote , Profile , Insider , Financials"
0853.HK,MICROPORT,Medical Appliances & Equipment,"Quote , Profile , Research"
MPOS.ST,MICROPOS MEDICAL,Medical Appliances & Equipment,Quote
MSON,"MISONIX, Inc.",Medical Appliances & Equipment,"Quote , Chart , News , Profile , SEC , Msgs , Insider , Financials"
MRIC,MRI INTERVENTIONS,Medical Appliances & Equipment,Quote
MASI,Masimo Corporation,Medical Appliances & Equipment,"Quote , Profile , Research , Insider , Financials , Analyst Ratings"
MDVX,Medovex Corp.,Medical Appliances & Equipment,"Quote , Profile , Insider , Financials"
MDT,Medtronic plc. Ordinary Shares,Medical Appliances & Equipment,"Quote , Chart , Profile , Research , Msgs , Insider , Financials , Analyst Ratings"
MDXG,"MiMedx Group, Inc",Medical Appliances & Equipment,"Quote , Profile , Research , Insider , Financials"
NAOV,NANOVIBRONIX INC COM USD0.001,Medical Appliances & Equipment,Quote
NMRD,NEMAURA MED INC,Medical Appliances & Equipment,Quote
NWCI,"NEWCARDIO, INC.",Medical Appliances & Equipment,Quote
NOE.MI,NOEMALIFE,Medical Appliances & Equipment,Quote
NIMU,NON INVASIVE MONITORNG SYS NEW,Medical Appliances & Equipment,Quote
NUMD,NU-MED,Medical Appliances & Equipment,Quote
BABY,Natus Medical Incorporated,Medical Appliances & Equipment,"Quote , Chart , News , Profile , Research , SEC , Msgs , Insider , Financials , Analyst Ratings"
NVRO,Nevro Corp. Common Stock,Medical Appliances & Equipment,"Quote , Profile , Research , Insider , Financials"
NUVA,"NuVasive, Inc.",Medical Appliances & Equipment,"Quote , Chart , Profile , Research , Msgs , Insider , Financials , Analyst Ratings"
NXTM,"NxStage Medical, Inc.",Medical Appliances & Equipment,"Quote , Profile , Research , Msgs , Insider , Financials , Analyst Ratings"
OSP.AX,OSPREY MED CDI 2:1,Medical Appliances & Equipment,"Quote , Profile"
OXYS,OXYSURE SYSTEMS,Medical Appliances & Equipment,Quote
OFIX,Orthofix International N.V.,Medical Appliances & Equipment,"Quote , Chart , News , Profile , Research , SEC , Msgs , Insider , Financials , Analyst Ratings"
PHM.V,PATIENT HOME MONITORING CORP,Medical Appliances & Equipment,"Quote , News , Profile"
PRSN,PERSEON CORP COM USD0.005(POST,Medical Appliances & Equipment,Quote
POSC,POSITRON CORP,Medical Appliances & Equipment,Quote
PBIO,PRESSURE BIOSCIENC,Medical Appliances & Equipment,Quote
PUMD,PROUROCARE MEDICAL,Medical Appliances & Equipment,Quote
PYT.V,PYNG MEDICAL CORP.,Medical Appliances & Equipment,"Quote , Chart , News , Profile"
PHMD,"PhotoMedex, Inc.",Medical Appliances & Equipment,"Quote , Chart , News , Research , SEC , Msgs , Insider , Financials , Analyst Ratings"
QUA.PA,QUANTEL,Medical Appliances & Equipment,"Quote , Profile"
RSCF,REFLECT SCIENTIFIC,Medical Appliances & Equipment,Quote
RHT.AX,RESONANCE FPO,Medical Appliances & Equipment,"Quote , Chart , Profile"
RBM.TO,RESPONSE BIOMEDICAL CORP,Medical Appliances & Equipment,"Quote , News , Profile"
RVA.AX,REVA MEDIC CDI 10:1,Medical Appliances & Equipment,"Quote , Profile , Research"
RXB.L,REX BIONICS PLC ORD 10P,Medical Appliances & Equipment,"Quote , Profile"
RTIX,"RTI Surgical, Inc.",Medical Appliances & Equipment,"Quote , Chart , News , Profile , Research , SEC , Msgs , Insider , Financials , Analyst Ratings"
RWLK,ReWalk Robotics Ltd,Medical Appliances & Equipment,"Quote , Profile , Research , Insider , Financials"
RMD,ResMed Inc. Common Stock,Medical Appliances & Equipment,"Quote , Chart , News , Profile , Research , SEC , Msgs , Insider , Financials , Analyst Ratings"
SNWV,"SANUWAVE HEALTH, INC",Medical Appliances & Equipment,Quote
DIM.PA,SARTORIUS STED BIO,Medical Appliances & Equipment,"Quote , News , Research"
SCVM,SCIVANTA MEDICAL COR,Medical Appliances & Equipment,Quote
SECT-B.ST,SECTRA -B-,Medical Appliances & Equipment,Quote
SMLR,SEMLER SCIENTIFIC COM USD0.001,Medical Appliances & Equipment,Quote
SDET.ST,SENSODETECT,Medical Appliances & Equipment,Quote
SVA.AX,SIMAVITA CDI 1:1,Medical Appliances & Equipment,"Quote , Profile , Research"
SV.V,SIMAVITA LIMITED,Medical Appliances & Equipment,"Quote , Profile"
SN.L,SMITH & NEPHEW PLC ORD USD0.20,Medical Appliances & Equipment,"Quote , Chart , News , Profile , Research"
SOM.AX,SOMNOMED FPO,Medical Appliances & Equipment,"Quote , Chart , Profile , Research"
PHBN.DE,SONOVA HLDG N,Medical Appliances & Equipment,"Quote , Chart , Profile"
SCIE,SPECTRASCIENCE NEW,Medical Appliances & Equipment,Quote
SPHR.L,SPHERE MEDICAL HOLDING PLC ORD,Medical Appliances & Equipment,"Quote , Profile"
ALSGD.PA,SPINEGUARD,Medical Appliances & Equipment,"Quote , Profile , Research"
ALSPW.PA,SPINEWAY,Medical Appliances & Equipment,"Quote , Profile , Research"
STNT.PA,STENTYS,Medical Appliances & Equipment,"Quote , News , Profile , Research"
STXS,STEREOTAXIS INC COM USD0.001,Medical Appliances & Equipment,Quote
STE,STERIS plc Ordinary Shares,Medical Appliances & Equipment,"Quote , Chart , News , Research , SEC , Msgs , Insider , Financials , Analyst Ratings"
STIL.ST,STILLE,Medical Appliances & Equipment,"Quote , News , Profile"
SBS.DE,STRATEC BIOMED N,Medical Appliances & Equipment,"Quote , News"
SYK.DE,STRYKER,Medical Appliances & Equipment,"Quote , Profile"
SNDZ,SUNRIDGE INTL,Medical Appliances & Equipment,Quote
SUN.L,SURGICAL INNOVATIONS GROUP PLC,Medical Appliances & Equipment,"Quote , Chart , News , Profile"
SGLN,SURGLINE INTL INC,Medical Appliances & Equipment,Quote
SPNE,SeaSpine Holdings Corporation,Medical Appliances & Equipment,"Quote , Profile , Research , Insider , Financials"
EYES,"Second Sight Medical Products,",Medical Appliances & Equipment,"Quote , Profile , Research , Insider , Financials"
SIRO,"Sirona Dental Systems, Inc.",Medical Appliances & Equipment,"Quote , Msgs , Insider , Analyst Ratings"
SNN,"Smith & Nephew SNATS, Inc. Comm",Medical Appliances & Equipment,"Quote , Chart , News , Profile , Research , Msgs , Financials"
SPAN,"Span-America Medical Systems, I",Medical Appliances & Equipment,"Quote , Chart , News , Profile , SEC , Msgs , Insider , Financials"
STJ,"St. Jude Medical, Inc. Common S",Medical Appliances & Equipment,"Quote , Chart , Profile , Research , SEC , Msgs , Insider , Financials , Analyst Ratings"
SYK,Stryker Corporation Common Stoc,Medical Appliances & Equipment,"Quote , Chart , Profile , Research , SEC , Msgs , Insider , Financials , Analyst Ratings"
SSH,Sunshine Heart Inc,Medical Appliances & Equipment,"Quote , Profile , Research , Insider , Financials"
SURG,"Synergetics USA, Inc.",Medical Appliances & Equipment,"Quote , Msgs , Insider , Analyst Ratings"
ELOS,Syneron Medical Ltd.,Medical Appliances & Equipment,"Quote , Chart , Profile , Research , Msgs , Insider , Financials , Analyst Ratings"
TBS.MI,TBS GROUP,Medical Appliances & Equipment,"Quote , Profile , Research"
TSNI,"TECHNISCAN, INC.",Medical Appliances & Equipment,Quote
ALTHE.PA,THERACLION,Medical Appliances & Equipment,"Quote , Profile , Research"
TLT.V,THERALASE TECHNOLOGIES INC.,Medical Appliances & Equipment,"Quote , News , Profile"
TMD.TO,TITAN MEDICAL INC,Medical Appliances & Equipment,"Quote , Profile"
SPNC,The Spectranetics Corporation,Medical Appliances & Equipment,"Quote , Chart , News , Profile , Research , SEC , Msgs , Insider , Financials , Analyst Ratings"
TRU.NZ,TruScreen Limited Ordinary Shar,Medical Appliances & Equipment,"Quote , Profile"
UBI.AX,UNI BIOSEN CDI 1:1,Medical Appliances & Equipment,"Quote , Profile"
ULGX,UROLOGIX INC,Medical Appliances & Equipment,Quote
UCM.AX,USCOM FPO,Medical Appliances & Equipment,"Quote , Chart , Profile , Research"
VASO,VASOMEDICAL INC,Medical Appliances & Equipment,Quote
VRS.V,VERISANTE TECHNOLOGY INC,Medical Appliances & Equipment,"Quote , News , Profile"
ALVMG.PA,VISIOMED GROUP,Medical Appliances & Equipment,"Quote , Profile , Research"
VSUL,VISUALANT INC,Medical Appliances & Equipment,Quote
VAR,"Varian Medical Systems, Inc. Co",Medical Appliances & Equipment,"Quote , Chart , News , Profile , Research , SEC , Msgs , Insider , Financials , Analyst Ratings"
VASC,"Vascular Solutions, Inc.",Medical Appliances & Equipment,"Quote , Chart , News , Profile , Research , SEC , Msgs , Insider , Financials , Analyst Ratings"
VRAY,"ViewRay, Inc.",Medical Appliances & Equipment,"Quote , Research , Insider , Financials"
VSCP,"VirtualScopics, Inc.",Medical Appliances & Equipment,"Quote , Msgs , Insider , Analyst Ratings"
1066.HK,WEIGAO GROUP,Medical Appliances & Equipment,"Quote , News , Profile , Research"
WLSI,WELLSTAR INTL INC,Medical Appliances & Equipment,Quote
WDH.CO,WILLIAM DEMANT HLDG,Medical Appliances & Equipment,"Quote , Chart , News , Profile"
WNDM,WOUND MGMT TECH,Medical Appliances & Equipment,Quote
WMGI,Wright Medical Group N.V.,Medical Appliances & Equipment,"Quote , Chart , News , Profile , Research , SEC , Msgs , Insider , Financials , Analyst Ratings"
ZMS.V,ZECOTEK PHOTONICS INC.,Medical Appliances & Equipment,"Quote , Chart , Profile , Research"
ZLTQ,"ZELTIQ Aesthetics, Inc.",Medical Appliances & Equipment,"Quote , Profile , Research , Insider , Financials , Analyst Ratings"
ZYXI,ZYNEX INC,Medical Appliances & Equipment,Quote
ZBH,"Zimmer Biomet Holdings, Inc. Co",Medical Appliances & Equipment,"Quote , Profile , Research , Insider , Financials"
ZMH,"Zimmer Holdings, Inc. Common St",Medical Appliances & Equipment,"Quote , Chart , News , SEC , Msgs , Insider , Analyst Ratings"
IRMD,iRadimed Corporation,Medical Appliances & Equipment,"Quote , Profile , Research , Insider , Financials"
