ABAX,"ABAXIS, Inc.",Medical Laboratories & Research,"Quote , Chart , News , Profile , Research , SEC , Msgs , Insider , Financials , Analyst Ratings"
ALPH.ST,ALPHAHELIX MOLE DIA,Medical Laboratories & Research,Quote
AGL.L,ANGLE PLC ORD 10P,Medical Laboratories & Research,"Quote , Chart , Profile"
AXDX,"Accelerate Diagnostics, Inc.",Medical Laboratories & Research,"Quote , Profile , Research , Insider , Financials"
A,"Agilent Technologies, Inc. Comm",Medical Laboratories & Research,"Quote , Chart , Profile , Research , SEC , Msgs , Insider , Financials , Analyst Ratings"
ALR,Alere Inc. Common Stock,Medical Laboratories & Research,"Quote , Profile , Research , Insider , Financials , Analyst Ratings"
AIQ,"Alliance HealthCare Services, I",Medical Laboratories & Research,"Quote , Profile , Insider , Financials"
ALOG,Analogic Corporation,Medical Laboratories & Research,"Quote , Chart , News , Profile , Research , SEC , Msgs , Insider , Financials , Analyst Ratings"
BGMD,BG MEDICINE INC COM USD0.001,Medical Laboratories & Research,Quote
BIM.PA,BIOMERIEUX,Medical Laboratories & Research,"Quote , News , Profile , Research"
ALBIO.PA,BIOSYNEX,Medical Laboratories & Research,"Quote , Profile , Research"
BIO,"Bio-Rad Laboratories, Inc. Clas",Medical Laboratories & Research,"Quote , Profile , Research , SEC , Insider , Financials , Analyst Ratings"
BRLI,"Bio-Reference Laboratories, Inc",Medical Laboratories & Research,"Quote , Chart , News , SEC , Msgs , Analyst Ratings"
BEAT,"BioTelemetry, Inc.",Medical Laboratories & Research,"Quote , Profile , Research , Insider , Financials"
BIOC,"Biocept, Inc.",Medical Laboratories & Research,"Quote , Research , Insider , Financials"
BRKR,Bruker Corporation,Medical Laboratories & Research,"Quote , Chart , News , Profile , Research , Msgs , Insider , Financials , Analyst Ratings"
CRAD-B.ST,C-RAD -B-,Medical Laboratories & Research,Quote
COG.L,CAMBRIDGE COGNITION HOLDINGS PL,Medical Laboratories & Research,"Quote , Chart , Profile"
CBIS,CANNABIS SCIENCE INC,Medical Laboratories & Research,Quote
CANL,CANNLABS INC.,Medical Laboratories & Research,Quote
AFX.DE,CARL ZEISS MEDITEC,Medical Laboratories & Research,"Quote , News , Profile"
CEVI.ST,CELLAVISION,Medical Laboratories & Research,"Quote , News , Profile"
CHOKSILA.BO,CHOKSI LABORATORIES LTD.,Medical Laboratories & Research,Quote
COV.OL,CONTEXT VISION,Medical Laboratories & Research,"Quote , Chart , News , Profile"
CBAI,CORD BLOOD AMERICA,Medical Laboratories & Research,Quote
CBAT,CORTRONIX BIOMEDICAL,Medical Laboratories & Research,Quote
CTE.AX,CRYOSITE FPO,Medical Laboratories & Research,"Quote , Chart , Profile"
CTSO,CYTOSORBENTS COR,Medical Laboratories & Research,"Quote , Profile , Research , Insider , Financials"
CTSOE,CYTOSORBENTS COR,Medical Laboratories & Research,Quote
CTSOD,CYTOSORBENTS COR,Medical Laboratories & Research,Quote
CGIX,"Cancer Genetics, Inc.",Medical Laboratories & Research,"Quote , Profile , Research , Insider , Financials"
CRL,Charles River Laboratories Inte,Medical Laboratories & Research,"Quote , Chart , News , Profile , Research , SEC , Msgs , Insider , Financials , Analyst Ratings"
CHEK,Check-Cap Ltd.,Medical Laboratories & Research,"Quote , Profile , Research , Financials"
CO,China Cord Blood Corporation Co,Medical Laboratories & Research,"Quote , Profile , Research , Insider , Financials , Analyst Ratings"
CBMX,CombiMatrix Corporation,Medical Laboratories & Research,"Quote , Chart , News , Profile , Research , Msgs , Insider , Financials"
P8A.SI,Cordlife,Medical Laboratories & Research,"Quote , News , Profile , Research"
DDXS,"DIADEXUS, INC.",Medical Laboratories & Research,Quote
DIA.MI,DIASORIN,Medical Laboratories & Research,"Quote , News , Profile , Research"
DOLPHMED.BO,DOLPHIN MEDICAL SERVICES LTD.,Medical Laboratories & Research,Quote
DXCM,"DexCom, Inc.",Medical Laboratories & Research,"Quote , Profile , Research , Msgs , Insider , Financials , Analyst Ratings"
ERFNV.PA,EUROFINS NV,Medical Laboratories & Research,Quote
ERF.PA,EUROFINS SCIENT.,Medical Laboratories & Research,"Quote , News , Profile"
EXO.L,EXOVA GROUP PLC ORD 1P,Medical Laboratories & Research,"Quote , Profile , Research"
ENZ,"Enzo Biochem, Inc. Common Stock",Medical Laboratories & Research,"Quote , Chart , News , Profile , Research , SEC , Msgs , Insider , Financials"
EXAS,Exact Sciences Corporation,Medical Laboratories & Research,"Quote , Chart , News , Profile , Research , SEC , Msgs , Insider , Financials , Analyst Ratings"
FLDM,Fluidigm Corporation,Medical Laboratories & Research,"Quote , Profile , Research , Insider , Financials , Analyst Ratings"
FMI,"Foundation Medicine, Inc.",Medical Laboratories & Research,"Quote , Profile , Research , Insider , Financials"
GES.V,GEMOSCAN CANADA INC,Medical Laboratories & Research,"Quote , News"
GTG.AX,GENE TECH FPO,Medical Laboratories & Research,"Quote , Chart , Profile , Research"
GNLK,GENELINK INC,Medical Laboratories & Research,Quote
GEN.TO,GENENEWS LIMITED,Medical Laboratories & Research,"Quote , News , Profile"
GSS.AX,GENETICSIG FPO,Medical Laboratories & Research,"Quote , Profile"
GHDX,"Genomic Health, Inc.",Medical Laboratories & Research,"Quote , Profile , Research , Msgs , Insider , Financials , Analyst Ratings"
GBSN,"Great Basin Scientific, Inc.",Medical Laboratories & Research,"Quote , Research , Insider , Financials"
HTGM,"HTG Molecular Diagnostics, Inc.",Medical Laboratories & Research,"Quote , Profile , Research , Insider , Financials"
HSKA,Heska Corporation,Medical Laboratories & Research,"Quote , Chart , News , Profile , Research , SEC , Msgs , Insider , Financials , Analyst Ratings"
ICLR,ICON plc,Medical Laboratories & Research,"Quote , Chart , News , Profile , Research , Msgs , Financials"
IDL-B.ST,IDL BIOTECH -B-,Medical Laboratories & Research,Quote
IMM.V,IMMUNOTEC INC.,Medical Laboratories & Research,"Quote , News , Profile"
INA.AX,INGENIA STAPLED,Medical Laboratories & Research,"Quote , Profile , Research"
INIS,INTL ISOTOPES INC,Medical Laboratories & Research,Quote
NVTA,Invitae Corporation Common Stoc,Medical Laboratories & Research,"Quote , Profile , Research , Insider , Financials"
DRIO,LABSTYLE,Medical Laboratories & Research,"Quote , Research , Insider , Financials"
2898.HK,LONGRUN TEA,Medical Laboratories & Research,"Quote , Chart , Profile"
LO3.DE,LONZA GRP N,Medical Laboratories & Research,"Quote , Profile"
LH,Laboratory Corporation of Ameri,Medical Laboratories & Research,"Quote , Chart , News , Profile , Research , SEC , Msgs , Insider , Financials , Analyst Ratings"
MBI.V,MED BIOGENE INC.,Medical Laboratories & Research,"Quote , News , Profile"
ALMDT.PA,MEDIANTECHNOLOGIES,Medical Laboratories & Research,"Quote , Profile"
MEDICAB.MX,MEDICA SUR-B,Medical Laboratories & Research,"Quote , Chart , Profile"
MEDINOV.BO,MEDINOVA DIAGNOSTIC SERVICES L,Medical Laboratories & Research,Quote
MDIT,MEDITE CANCER DIAG COM NPV(POST,Medical Laboratories & Research,Quote
MDITD,MEDITE CANCER DIAG COM NPV(POST,Medical Laboratories & Research,Quote
MDITE,MEDITE CANCER DIAG COM NPV(POST,Medical Laboratories & Research,Quote
MMMS,MEDYTOX SOLUTIONS,Medical Laboratories & Research,Quote
MMTC,MICRO IMAGING TECH,Medical Laboratories & Research,Quote
MMTCD,MICRO IMAGING TECH,Medical Laboratories & Research,Quote
MOM.V,MIRACULINS INC.,Medical Laboratories & Research,"Quote , Chart , News"
0233.HK,MY MEDICARE,Medical Laboratories & Research,"Quote , Chart , Research"
NN6.DE,NANOREPRO,Medical Laboratories & Research,Quote
NATTO.OL,NATTOPHARMA,Medical Laboratories & Research,"Quote , Profile"
NDQ.TO,NOVADAQ TECHNOLOGIES INC.,Medical Laboratories & Research,"Quote , News , Profile , Research"
NSPH,"Nanosphere, Inc.",Medical Laboratories & Research,"Quote , Insider , Analyst Ratings"
NTRA,"Natera, Inc.",Medical Laboratories & Research,"Quote , Profile , Research , Insider , Financials"
NEO,"NeoGenomics, Inc.",Medical Laboratories & Research,"Quote , Profile , Research , Insider , Financials , Analyst Ratings"
NVDQ,Novadaq Technologies Inc,Medical Laboratories & Research,"Quote , Profile , Research , Financials , Analyst Ratings"
OBJ.AX,OBJ LTD FPO,Medical Laboratories & Research,"Quote , Chart , Profile"
OSL.AX,ONCOSIL FPO,Medical Laboratories & Research,"Quote , Profile , Research"
OXI.PA,OXIS INTL,Medical Laboratories & Research,"Quote , News , Profile"
OXIS,OXIS INTL INC,Medical Laboratories & Research,Quote
OPGN,"OpGen, Inc.",Medical Laboratories & Research,"Quote , Profile , Research , Insider , Financials"
PRXL,PAREXEL International Corporati,Medical Laboratories & Research,"Quote , Chart , News , Profile , Research , SEC , Msgs , Insider , Financials , Analyst Ratings"
PAA.AX,PHARMAUST FPO,Medical Laboratories & Research,"Quote , Chart , Profile"
PSID,POSITIVEID CORPORATI,Medical Laboratories & Research,Quote
PRAH,"PRA Health Sciences, Inc.",Medical Laboratories & Research,"Quote , Profile , Research , Insider , Financials"
NIPT.L,PREMAITHA HEALTH PLC ORD 10P,Medical Laboratories & Research,"Quote , Profile"
PRM.L,PROTEOME SCIENCES PLC ORD 1P,Medical Laboratories & Research,"Quote , Chart , News , Profile , Research"
PEB.NZ,Pacific Edge Limited Ordinary S,Medical Laboratories & Research,"Quote , Chart , Profile , Research"
PKI,"PerkinElmer, Inc. Common Stock",Medical Laboratories & Research,"Quote , Chart , News , Profile , Research , SEC , Msgs , Insider , Financials , Analyst Ratings"
PMD,Psychemedics Corporation,Medical Laboratories & Research,"Quote , Profile , SEC , Insider , Financials"
QIA.DE,QIAGEN NV,Medical Laboratories & Research,"Quote , News , Profile"
0H1Z.L,QIAGEN NV QIAGEN ORD SHS,Medical Laboratories & Research,"Quote , Profile"
DGX,Quest Diagnostics Incorporated,Medical Laboratories & Research,"Quote , Chart , Profile , Research , SEC , Msgs , Insider , Financials , Analyst Ratings"
Q,"Quintiles IMS Holdings, Inc. Co",Medical Laboratories & Research,"Quote , Chart , Profile , Research , Msgs , Insider , Financials"
RDNT,"RadNet, Inc.",Medical Laboratories & Research,"Quote , Profile , Research , Insider , Financials , Analyst Ratings"
RGDX,"Response Genetics, Inc.",Medical Laboratories & Research,"Quote , Insider , Analyst Ratings"
ROKA,"Roka Bioscience, Inc.",Medical Laboratories & Research,"Quote , Profile , Research , Insider , Financials"
ROSG,Rosetta Genomics Ltd.,Medical Laboratories & Research,"Quote , Profile , Research , Financials"
SVA.V,SERNOVA CORP.,Medical Laboratories & Research,"Quote , News , Profile"
8250.HK,SILK RD ENERGY,Medical Laboratories & Research,"Quote , Chart , News , Profile"
EDT.TO,SPECTRAL MEDICAL INC,Medical Laboratories & Research,"Quote , Profile , Research"
SQD.V,SQI DIAGNOSTICS INC.,Medical Laboratories & Research,"Quote , News , Profile , Research"
SSI.PA,SUPERSONIC IMAGINE,Medical Laboratories & Research,"Quote , Profile , Research"
SOBI.ST,SWE ORPHAN BIOVITRU,Medical Laboratories & Research,"Quote , News , Profile"
LIO1.DE,SYGNIS,Medical Laboratories & Research,"Quote , Profile"
0QBE.L,SYGNIS AG SYGNIS PHARMA ORD SHS,Medical Laboratories & Research,Quote
SGNL,"Signal Genetics, Inc.",Medical Laboratories & Research,"Quote , Profile , Research , Insider , Financials"
SPEXD,Spherix Incorporated,Medical Laboratories & Research,Quote
TLB.TO,TEARLAB CORPORATION,Medical Laboratories & Research,"Quote , News , Profile , Research"
ALTER.PA,THERADIAG,Medical Laboratories & Research,"Quote , Profile , Research"
TEAR,TearLab Corporation,Medical Laboratories & Research,"Quote , Profile , Research , Insider , Financials , Analyst Ratings"
TMO,Thermo Fisher Scientific Inc Co,Medical Laboratories & Research,"Quote , Chart , Profile , Research , SEC , Msgs , Insider , Financials , Analyst Ratings"
TROV,"TrovaGene, Inc.",Medical Laboratories & Research,"Quote , News , Profile , Research , Insider , Financials"
VRTT,VIATAR CTC SOLUTIO COM USD0.001,Medical Laboratories & Research,Quote
VIMTALABS.NS,VIMTA LABORATORIES INR2,Medical Laboratories & Research,"Quote , Profile"
WGBS,"WaferGen Bio-systems, Inc.",Medical Laboratories & Research,"Quote , Profile , Research , Insider , Financials"
KANG,"iKang Healthcare Group, Inc.",Medical Laboratories & Research,"Quote , Profile , Research , Financials"
