AAC,"AAC Holdings, Inc. Common Stock",Specialized Health Services,"Quote , Profile , Research , SEC , Insider , Financials"
AHS,AMN Healthcare Services Inc AMN,Specialized Health Services,"Quote , Chart , News , Profile , Research , Msgs , Insider , Financials , Analyst Ratings"
AMEH,APOLLO MEDICAL HLDGS,Specialized Health Services,Quote
ACHC,"Acadia Healthcare Company, Inc.",Specialized Health Services,"Quote , Profile , Research , Insider , Financials , Analyst Ratings"
ANCI,American Caresource Holdings In,Specialized Health Services,"Quote , Insider"
AMS,American Shared Hospital Servic,Specialized Health Services,"Quote , Chart , News , Profile , SEC , Msgs , Insider , Financials"
AMSG,Amsurg Corp.,Specialized Health Services,"Quote , Chart , News , Profile , Research , SEC , Msgs , Insider , Financials , Analyst Ratings"
CATS,CATASYS INC,Specialized Health Services,Quote
CATSD,CATASYS INC,Specialized Health Services,Quote
CFWH,CENTER FOR WOUND HEA,Specialized Health Services,Quote
CPAI,CHAMPION PAIN CARE C,Specialized Health Services,Quote
CHCR,COMPREHENSIVE CARE CORPORATION,Specialized Health Services,Quote
CCEL,CRYO-CELL INTL INC,Specialized Health Services,Quote
DVA,DaVita Inc. Common Stock,Specialized Health Services,"Quote , Chart , News , Profile , Research , SEC , Msgs , Insider , Financials , Analyst Ratings"
FMS.V,FOCUS GRAPHITE INC,Specialized Health Services,"Quote , News , Profile"
FMS,Fresenius Medical Care AG Commo,Specialized Health Services,"Quote , Chart , News , Profile , Research , Msgs , Financials"
HEMA,HEMACARE CORP,Specialized Health Services,Quote
HLS,HealthSouth Corporation Common,Specialized Health Services,"Quote , Profile , Research , Insider , Financials , Analyst Ratings"
HWAY,"Healthways, Inc.",Specialized Health Services,"Quote , Profile , Research , Msgs , Insider , Financials , Analyst Ratings"
IPCM,"IPC Healthcare, Inc.",Specialized Health Services,"Quote , Insider , Financials , Analyst Ratings"
MLKNA,MEDLINK INTL INC A,Specialized Health Services,Quote
MD,"Mednax, Inc. Common Stock",Specialized Health Services,"Quote , Profile , Research , Insider , Financials , Analyst Ratings"
NHPR,NATIONAL HEALTH PTR,Specialized Health Services,Quote
OVIT,ONCOVISTA INNOVATIVE,Specialized Health Services,Quote
PFHO,PACIFIC HEALTH CARE,Specialized Health Services,Quote
PSYS,PARADIGM SYSTEM SOLU,Specialized Health Services,Quote
PAHC,Phibro Animal Health Corporatio,Specialized Health Services,"Quote , Profile , Research , Insider , Financials"
SKCO,SAGEMARK COS LTD THE,Specialized Health Services,Quote
PRSC,The Providence Service Corporat,Specialized Health Services,"Quote , Chart , News , Profile , Research , Msgs , Insider , Financials , Analyst Ratings"
USNU,U S NEUROSURGICAL INC,Specialized Health Services,Quote
USPH,"U.S. Physical Therapy, Inc. Com",Specialized Health Services,"Quote , Profile , Research , SEC , Insider , Financials , Analyst Ratings"
