AARTIIND.NS,AARTI INDUSTRIES LIMITED,Specialty Chemicals,"Quote , Profile"
ADMT,ADM TRONICS UNLTD,Specialty Chemicals,Quote
AGARIND.BO,AGARWAL INDUSTRIAL CORPORATION,Specialty Chemicals,Quote
AGARIND.NS,AGARWAL INDUSTRIAL INR10,Specialty Chemicals,"Quote , Profile , Research"
AKZOINDIA.NS,AKZO NOBEL INDIA INR10,Specialty Chemicals,"Quote , Profile"
AJX.AX,ALEXIUM FPO,Specialty Chemicals,Quote
ALFAA.MX,ALFA-A,Specialty Chemicals,"Quote , Chart , News , Profile , Research"
ALKALI.NS,ALKALI METALS LTD INR10,Specialty Chemicals,"Quote , Profile"
ALKALI.BO,ALKALI METALS LTD.,Specialty Chemicals,Quote
ALKYLAMINE.NS,ALKYL AMINES CHEMICALS LIMITED,Specialty Chemicals,"Quote , Profile"
AFSE,ALL ENERGY CORP,Specialty Chemicals,Quote
ALB.TO,ALLBANC SPLIT BANC CORP II,Specialty Chemicals,"Quote , News"
ALTID,ALTAIR NANOTECH INC,Specialty Chemicals,Quote
AMAL.BO,AMAL LTD.,Specialty Chemicals,"Quote , Chart"
AGM.L,APPLIED GRAPHENE MATERIALS PLC,Specialty Chemicals,"Quote , Profile"
ACRB,ASIA CARBON INDUSTRI,Specialty Chemicals,Quote
ASIANPAINT.NS,ASIAN PAINTS LIMITED,Specialty Chemicals,"Quote , Profile"
ASIANPAINT.BO,ASIAN PAINTS LTD.,Specialty Chemicals,Quote
AAT.V,ATI AIRTEST TECHNOLOGIES INC,Specialty Chemicals,"Quote , Chart , News , Profile"
AVRW,AVENTINE RNW ENERGY,Specialty Chemicals,Quote
AXELPOLY.BO,AXEL POLYMERS LTD.,Specialty Chemicals,Quote
AMTX,"Aemetis, Inc",Specialty Chemicals,"Quote , Profile , Research , Insider , Financials"
ALB,Albemarle Corporation Common St,Specialty Chemicals,"Quote , Chart , News , Profile , Research , SEC , Msgs , Insider , Financials , Analyst Ratings"
AMRS,"Amyris, Inc.",Specialty Chemicals,"Quote , Profile , Research , Insider , Financials , Analyst Ratings"
AXTA,Axalta Coating Systems Ltd. Com,Specialty Chemicals,"Quote , Profile , Research , Insider , Financials"
BAGADIA.BO,BAGADIA COLOURCHEM LTD.,Specialty Chemicals,Quote
BALAMINES.NS,BALAJI AMINES LTD INR2,Specialty Chemicals,"Quote , Profile"
BERGEPAINT.NS,BERGER PAINTS (I) LIMITED,Specialty Chemicals,"Quote , Profile"
BERGEPAINT.BO,BERGER PAINTS INDIA LTD.,Specialty Chemicals,Quote
BHAGERIA.BO,BHAGERIA INDUSTRIE,Specialty Chemicals,Quote
ON.MI,BIO ON,Specialty Chemicals,"Quote , Profile , Research"
BFLS,BIOFUELS POWER CORP.,Specialty Chemicals,Quote
BONU,BIONEUTRAL GROUP INC,Specialty Chemicals,Quote
BLACKROSE.BO,BLACK ROSE INDUSTRIES LTD.,Specialty Chemicals,Quote
BLGA,BLASTGARD INTL INC,Specialty Chemicals,Quote
0963.HK,BLOOMAGE BIOTEC,Specialty Chemicals,"Quote , Profile"
BFRE,BLUEFIRE RENEWABLES,Specialty Chemicals,Quote
BODALCHEM.BO,BODAL CHEMICALS LTD.,Specialty Chemicals,Quote
BORAX.BO,BORAX MORARJI LTD.,Specialty Chemicals,Quote
BRG.OL,BORREGAARD,Specialty Chemicals,"Quote , Profile"
BNR.DE,BRENNTAG AG NA O.N.,Specialty Chemicals,"Quote , News , Profile"
CJGEL.BO,C.J.GELATINE PRODUCTS LTD.,Specialty Chemicals,Quote
CLKTF,CALCITECH LTD,Specialty Chemicals,Quote
CNO.V,CALIFORNIA NANOTECHNOLOGIES COR,Specialty Chemicals,"Quote , Profile"
CAMEXLTD.BO,CAMEX LTD.,Specialty Chemicals,Quote
CUS.TO,CANEXUS CORPORATION,Specialty Chemicals,"Quote , News , Profile , Research"
CASTROLIND.NS,CASTROL INDIA INR5,Specialty Chemicals,"Quote , Profile"
1713.TW,CATHAY CHEMICAL TWD10,Specialty Chemicals,"Quote , Chart , Profile , Research"
0951.HK,CHAOWEI POWER,Specialty Chemicals,"Quote , Chart , Profile , Research"
CHEMBOND.BO,CHEMBOND CHEMICALS LTD.,Specialty Chemicals,Quote
CHE-UN.TO,CHEMTRADE LOGISTICS INCOME FUND,Specialty Chemicals,"Quote , Chart , Profile"
1314.TW,CHINA PETROCHEMICA TWD10,Specialty Chemicals,"Quote , Chart , News , Profile , Research"
2198.HK,CHINA SANJIANG,Specialty Chemicals,"Quote , Profile , Research"
CHROMATIC.NS,CHROMATIC INDIA LT INR10,Specialty Chemicals,"Quote , Profile"
0QJS.L,CLARIANT AG CLARIANT ORD SHS,Specialty Chemicals,"Quote , Profile"
CLNINDIA.NS,CLARIANT CHEMICALS INR10,Specialty Chemicals,"Quote , Profile"
CLRN.DE,CLARIANT N,Specialty Chemicals,"Quote , Profile"
CLTH,"CLEAN TECH BIOFUELS,",Specialty Chemicals,Quote
COLO.BA,COLORIN SA 'B'ARS1,Specialty Chemicals,"Quote , Profile"
PLAKR.AT,CRETE PLASTICS,Specialty Chemicals,"Quote , Profile"
50GP.L,CRODA INTERNATIONAL PLC 5.9% CU,Specialty Chemicals,Quote
49GP.L,CRODA INTERNATIONAL PLC 6.6% CU,Specialty Chemicals,Quote
CRDA.L,CRODA INTERNATIONAL PLC ORD 10.,Specialty Chemicals,"Quote , Chart , News , Profile , Research"
CBT,Cabot Corporation Common Stock,Specialty Chemicals,"Quote , Chart , News , Profile , Research , SEC , Msgs , Insider , Financials , Analyst Ratings"
CC,Chemours Company (The) Common S,Specialty Chemicals,"Quote , Chart , Profile , Research , Msgs , Insider , Financials"
CHMT,Chemtura Corp. Common Stock,Specialty Chemicals,"Quote , Profile , Research , Insider , Financials , Analyst Ratings"
DAICHI.BO,DAI-ICHI KARKARIA LTD.,Specialty Chemicals,"Quote , Research"
DAIKAFFI.BO,DAIKAFFIL CHEMICALS INDIA LTD.,Specialty Chemicals,Quote
DEFL-B.ST,DEFLAMO -B-,Specialty Chemicals,Quote
ALDEI.PA,DEINOVE,Specialty Chemicals,"Quote , News , Profile , Research"
DELTY,DELTA GALIL INDS A,Specialty Chemicals,Quote
DELTF,DELTA GALIL INDS INC,Specialty Chemicals,Quote
DROUK.AT,DRUCKFARBEN HEL,Specialty Chemicals,"Quote , Profile"
DUJODPPR.BO,DUJODWALA PAPER CHEMICAL LTD.,Specialty Chemicals,Quote
DYNAMIND.BO,DYNAMIC INDUSTRIES LTD.,Specialty Chemicals,Quote
DYNPRO.BO,DYNEMIC PRODUCTS LTD.,Specialty Chemicals,Quote
ECOC,ECOLOGY COATINGS INC,Specialty Chemicals,Quote
ECO.TO,ECOSYNTHETIX INC,Specialty Chemicals,"Quote , News , Profile , Research"
ELANTAS.BO,ELANTAS BECK INDIA LTD.,Specialty Chemicals,"Quote , Research"
ELM.L,ELEMENTIS PLC ORD 5P,Specialty Chemicals,"Quote , Chart , News , Profile , Research"
EMMESSA.BO,EMMESSAR BIOTECH & NUTRITION L,Specialty Chemicals,Quote
DBT.PA,ENCRES DUBUIT,Specialty Chemicals,"Quote , Profile , Research"
ETCK,ENERTECK CORPORATION,Specialty Chemicals,Quote
EIHC,ENVIRONMENTAL INFRAS,Specialty Chemicals,Quote
ESPI,ESP RESOURCES INC,Specialty Chemicals,Quote
ESPIE,ESP RESOURCES INC,Specialty Chemicals,Quote
EVK.DE,EVONIK INDUSTR N,Specialty Chemicals,"Quote , Profile , Research"
73CL.L,FRUTAROM INDUSTRIES LD GDR EACH,Specialty Chemicals,Quote
FRUT.L,FRUTAROM INDUSTRIES LD GDR EACH,Specialty Chemicals,"Quote , Profile"
FOE,Ferro Corporation Common Stock,Specialty Chemicals,"Quote , Chart , News , Profile , Research , SEC , Msgs , Insider , Financials , Analyst Ratings"
FSI,Flexible Solutions Internationa,Specialty Chemicals,"Quote , Chart , News , Profile , Research , SEC , Msgs , Financials , Analyst Ratings"
GANESHBE.BO,GANESH BENZOPLAST LTD.,Specialty Chemicals,Quote
GIN.DE,GIVAUDAN N,Specialty Chemicals,"Quote , Profile"
0QPS.L,GIVAUDAN SA GIVAUDAN ORD SHS,Specialty Chemicals,"Quote , Profile"
GOACARBON.NS,GOA CARBON INR10,Specialty Chemicals,"Quote , Profile"
GRPH.L,GRAPHENE NANOCHEM PLC ORD 20P,Specialty Chemicals,"Quote , Profile"
GTS.L,GTS CHEMICAL HOLDINGS PLC ORD G,Specialty Chemicals,Quote
GUJCARB.BO,GUJARAT CARBON & INDUSTRIES LT,Specialty Chemicals,Quote
GPRE,"Green Plains, Inc.",Specialty Chemicals,"Quote , Profile , Research , Msgs , Insider , Financials , Analyst Ratings"
GURE,"Gulf Resources, Inc.",Specialty Chemicals,"Quote , Profile , Insider , Financials"
FUL,H. B. Fuller Company Common Sto,Specialty Chemicals,"Quote , Chart , News , Profile , Research , SEC , Msgs , Insider , Financials , Analyst Ratings"
HARDCAS.BO,HARDCASTLE & WAUD MFG.CO.LTD.,Specialty Chemicals,Quote
HARLETH.BO,HARYANA LEATHER CHEMICALS LTD.,Specialty Chemicals,Quote
HAYD.L,HAYDALE GRAPHENE INDUSTRIES PLC,Specialty Chemicals,"Quote , Profile"
HXBM,HELIX BIOMEDIX INC,Specialty Chemicals,Quote
HPOL-B.ST,HEXPOL -B-,Specialty Chemicals,Quote
HINDADH.BO,HINDUSTAN ADHESIVES LTD.,Specialty Chemicals,"Quote , Research"
HWKN,"Hawkins, Inc.",Specialty Chemicals,"Quote , Chart , News , Profile , SEC , Msgs , Insider , Financials"
IGPL.NS,IG PETROCHEMICAL INR10,Specialty Chemicals,"Quote , Profile"
INDGELA.BO,INDIA GELATINE & CHEMICALS LTD,Specialty Chemicals,Quote
INDTONER.BO,INDIAN TONERS & DEVELOPERS LTD,Specialty Chemicals,Quote
INDOKEM.BO,INDOKEM LTD.,Specialty Chemicals,Quote
0640.HK,INFINITY DEV,Specialty Chemicals,"Quote , Chart , Profile"
IOF.L,IOFINA PLC ORD 1P,Specialty Chemicals,"Quote , Profile"
IVP.NS,IVP LIMITED,Specialty Chemicals,"Quote , Profile"
IVP.BO,IVP LTD.,Specialty Chemicals,Quote
IKNX,Ikonics Corporation,Specialty Chemicals,"Quote , Chart , News , Profile , Msgs , Insider , Financials"
IPHS,"Innophos Holdings, Inc.",Specialty Chemicals,"Quote , Profile , Research , Insider , Financials , Analyst Ratings"
IOSP,Innospec Inc.,Specialty Chemicals,"Quote , Profile , Research , Msgs , Insider , Financials , Analyst Ratings"
IFF,Internationa Flavors & Fragranc,Specialty Chemicals,"Quote , Chart , News , Profile , Research , SEC , Msgs , Insider , Financials , Analyst Ratings"
JAYAGROGN.NS,JAYANT AGRO ORGANICS LIMITED,Specialty Chemicals,"Quote , Profile"
JAYSYN.BO,JAYSYNTH DYESTUFF (INDIA) LTD.,Specialty Chemicals,Quote
JMAT.L,JOHNSON MATTHEY PLC ORD 110 49/,Specialty Chemicals,"Quote , Chart , News , Profile"
JYOTIRES.BO,JYOTI RESINS & ADHESIVES LTD.,Specialty Chemicals,Quote
KELENRG.BO,KELTECH ENERGIES LTD.,Specialty Chemicals,"Quote , Research"
KMG,"KMG Chemicals, Inc. Common Stoc",Specialty Chemicals,"Quote , Chart , Profile , Research , Insider , Financials , Analyst Ratings"
KOP,Koppers Holdings Inc. Koppers H,Specialty Chemicals,"Quote , Profile , Research , Msgs , Insider , Financials , Analyst Ratings"
KRA,Kraton Corporation Common Stock,Specialty Chemicals,"Quote , Profile , Research , Insider , Financials , Analyst Ratings"
KRO,Kronos Worldwide Inc Common Sto,Specialty Chemicals,"Quote , Chart , Profile , Research , Msgs , Insider , Financials , Analyst Ratings"
LXS.DE,LANXESS,Specialty Chemicals,"Quote , News , Profile , Research"
LPAD,LAPOLLA INDUSTRIES,Specialty Chemicals,Quote
LWLG,LIGHTWAVE LOGIC INC,Specialty Chemicals,Quote
LIMECHM.BO,LIME CHEMICALS LTD.,Specialty Chemicals,Quote
FWK.V,LIUYANG FIREWORKS LIMITED,Specialty Chemicals,"Quote , News"
0QNO.L,LONZA GROUP AG LONZA GROUP ORD,Specialty Chemicals,"Quote , Profile"
LYB,LyondellBasell Industries NV Or,Specialty Chemicals,"Quote , Profile , Research , Insider , Financials , Analyst Ratings"
MACE,MACE SECURITY INTL,Specialty Chemicals,Quote
MMBF,MOMENTUM BIOFUELS,Specialty Chemicals,Quote
M15.SI,Matex Intl^,Specialty Chemicals,"Quote , Chart"
MBLX,"Metabolix, Inc.",Specialty Chemicals,"Quote , Profile , Research , Insider , Financials , Analyst Ratings"
MEOH,Methanex Corporation,Specialty Chemicals,"Quote , Chart , News , Profile , Research , Msgs , Financials , Analyst Ratings"
NIKHILAD.BO,NIKHIL ADHESIVES LTD.,Specialty Chemicals,Quote
NITTAGELA.BO,NITTA GELATIN INDIA LTD.,Specialty Chemicals,Quote
NOBLEXP.BO,NOBLE EXPLOCHEM LTD.,Specialty Chemicals,Quote
NEU,NewMarket Corp Common Stock,Specialty Chemicals,"Quote , Chart , News , Profile , Research , Msgs , Insider , Financials , Analyst Ratings"
NXX.V,Nordex Explosives Ltd,Specialty Chemicals,"Quote , Chart , News"
NTIC,Northern Technologies Internati,Specialty Chemicals,"Quote , Profile , Insider , Financials , Analyst Ratings"
OMKARCHEM.NS,OMKAR SPECIALITY C INR10,Specialty Chemicals,"Quote , Profile"
OMN,OMNOVA Solutions Inc. Common St,Specialty Chemicals,"Quote , Chart , News , Profile , Research , SEC , Msgs , Insider , Financials , Analyst Ratings"
ORAP.PA,ORAPI,Specialty Chemicals,"Quote , Profile , Research"
ORGCOAT.BO,ORGANIC COATINGS LTD.,Specialty Chemicals,Quote
ORI.AX,ORICA FPO,Specialty Chemicals,"Quote , Chart , Profile , Research"
ODC,Oil-Dri Corporation Of America,Specialty Chemicals,"Quote , Chart , News , Profile , Research , SEC , Msgs , Insider , Financials"
OLN,Olin Corporation Common Stock,Specialty Chemicals,"Quote , Chart , News , Profile , Research , SEC , Msgs , Insider , Financials , Analyst Ratings"
OEC,Orion Engineered Carbons S.A Co,Specialty Chemicals,"Quote , Profile , Research , Financials"
47KT.L,PAINTS & CHEMICAL INDUSTRIES CO,Specialty Chemicals,Quote
MLPFX.PA,PARFEX,Specialty Chemicals,"Quote , Chart , Profile"
PAUSHAKLTD.BO,PAUSHAK LTD.,Specialty Chemicals,Quote
PIDILITIND.BO,PIDILITE INDUSTRIES LTD.,Specialty Chemicals,Quote
ZPPOLYSA.BO,PLANTER POLYSACKS LTD.,Specialty Chemicals,Quote
PLASTIBLEN.NS,PLASTIBLENDS INDIA INR5,Specialty Chemicals,"Quote , Profile"
PODARPIGQ.BO,PODDAR PIGMENTS LTD.,Specialty Chemicals,Quote
POLYCHEM.BO,POLYCHEM LTD.,Specialty Chemicals,Quote
PPG,"PPG Industries, Inc. Common Sto",Specialty Chemicals,"Quote , Chart , News , Profile , Research , SEC , Msgs , Insider , Financials , Analyst Ratings"
PREMEXPLQ.BO,PREMIER EXPLOSIVES LTD.,Specialty Chemicals,Quote
PEIXD,"Pacific Ethanol, Inc.",Specialty Chemicals,Quote
PAH,Platform Specialty Products Cor,Specialty Chemicals,"Quote , Profile , Research , Insider , Financials"
POL,PolyOne Corporation Common Stoc,Specialty Chemicals,"Quote , Chart , News , Profile , Research , SEC , Msgs , Insider , Financials , Analyst Ratings"
KWR,Quaker Chemical Corporation Com,Specialty Chemicals,"Quote , Chart , News , Profile , Research , SEC , Msgs , Insider , Financials , Analyst Ratings"
REVO.L,REVOLYMER PLC ORD 1P,Specialty Chemicals,"Quote , Profile"
RPM,RPM International Inc. Common S,Specialty Chemicals,"Quote , Chart , News , Profile , Research , SEC , Msgs , Insider , Financials , Analyst Ratings"
SADHNANIQ.BO,SADHANA NITROCHEM LTD.,Specialty Chemicals,Quote
SOTL.NS,SAVITA OIL TECHNOL INR10,Specialty Chemicals,"Quote , Profile"
SOTL.BO,SAVITA OIL TECHNOLOGIES LTD.,Specialty Chemicals,Quote
SCPA.L,SCAPA GROUP PLC ORD 5P,Specialty Chemicals,"Quote , Chart , Profile"
SHHARICH.BO,SHREE HARI CHEMICALS EXPORT LT,Specialty Chemicals,Quote
SHREYASI.BO,SHREYAS INTERMEDIATES LTD.,Specialty Chemicals,Quote
SIKOZY.BO,SIKOZY REALTORS LIMITED,Specialty Chemicals,Quote
SOLARINDS.NS,SOLAR INDUSTRIES I INR10,Specialty Chemicals,"Quote , Profile"
SONALAD.BO,SONAL ADHESIVES LTD.,Specialty Chemicals,Quote
SBTL.BO,SOUTHERN ONLINE BIO TECHNOLOGI,Specialty Chemicals,Quote
SUKHJITS.BO,SUKHJIT STARCH & CHEMICALS LTD,Specialty Chemicals,Quote
SUNSHIEL.BO,SUNSHIELD CHEMICALS LTD.,Specialty Chemicals,Quote
SY1.DE,SYMRISE,Specialty Chemicals,"Quote , News , Profile"
SNMX,"Senomyx, Inc.",Specialty Chemicals,"Quote , Chart , Profile , Research , Msgs , Insider , Financials , Analyst Ratings"
SXT,Sensient Technologies Corporati,Specialty Chemicals,"Quote , Chart , News , Profile , Research , SEC , Msgs , Insider , Financials , Analyst Ratings"
SHW,Sherwin-Williams Company (The),Specialty Chemicals,"Quote , Chart , Profile , Research , SEC , Msgs , Insider , Financials , Analyst Ratings"
SIAL,Sigma-Aldrich Corporation,Specialty Chemicals,"Quote , Chart , News , SEC , Msgs , Insider , Analyst Ratings"
SZYM,"Solazyme, Inc.",Specialty Chemicals,"Quote , Insider , Analyst Ratings"
SYMX,"Synthesis Energy Systems, Inc.",Specialty Chemicals,"Quote , Profile , Research , Insider , Financials"
TANFACIND.NS,TANFAC INDUSTRIES LTD.,Specialty Chemicals,Quote
TORM,TOR Minerals International Inc,Specialty Chemicals,"Quote , Chart , News , Profile , Research , SEC , Msgs , Insider , Financials"
UNRG,UNITED ENERGY CORP,Specialty Chemicals,Quote
UZU.DE,UZIN UTZ,Specialty Chemicals,"Quote , Profile"
VCT.L,VICTREX PLC ORD 1P,Specialty Chemicals,"Quote , Chart , News , Profile , Research"
VIDHIDYE.BO,VIDHI DYESTUFFS MANUFACTURING,Specialty Chemicals,Quote
VIKASECO.NS,VIKAS ECOTECH LIMITED,Specialty Chemicals,"Quote , Profile"
VIPULDYE.BO,VIPUL DYE CHEM LTD.,Specialty Chemicals,Quote
VISHNU.NS,VISHNU CHEMICALS L INR10,Specialty Chemicals,"Quote , Profile"
VISHNU.BO,VISHNU CHEMICALS LTD.,Specialty Chemicals,"Quote , Research"
VAL,Valspar Corporation (The) Commo,Specialty Chemicals,"Quote , Chart , Profile , Research , SEC , Msgs , Insider , Financials , Analyst Ratings"
GRA,W.R. Grace & Co. Common Stock,Specialty Chemicals,"Quote , Chart , News , Profile , Research , SEC , Msgs , Insider , Financials , Analyst Ratings"
WDFC,WD-40 Company,Specialty Chemicals,"Quote , Chart , News , Profile , Research , SEC , Msgs , Insider , Financials , Analyst Ratings"
WLK,Westlake Chemical Corporation C,Specialty Chemicals,"Quote , Chart , Profile , Research , Msgs , Insider , Financials , Analyst Ratings"
XPROINDIA.NS,XPRO INDIA LIMITED,Specialty Chemicals,"Quote , Profile"
0346.HK,YANCHANG PETRO,Specialty Chemicals,"Quote , Chart , Profile"
ZTF.L,ZOTEFOAMS PLC ORD 5P,Specialty Chemicals,"Quote , Chart , News , Profile , Research"
